DATE,PRCP,TMAX,TMIN,TOBS
5/12/2013,0.3,21.1,11.7,13.9
5/13/2013,2.8,16.1,12.8,12.8
5/14/2013,8.6,13.9,8.3,9.4
5/15/2013,0,15.6,8.9,10
5/16/2013,4.3,13.3,10,12.2
5/17/2013,8.1,19.4,10.6,12.2
5/18/2013,2.8,15.6,10.6,10.6
5/19/2013,4.8,13.3,9.4,11.1
5/20/2013,0,15.6,10,11.1
5/21/2013,1.3,15,8.9,9.4
5/22/2013,2.3,11.7,7.8,8.9
5/23/2013,5.8,12.8,6.7,7.2
5/24/2013,18.5,10,6.7,8.9
5/25/2013,6.9,13.9,8.9,10
5/26/2013,12.2,12.2,10,11.1
5/27/2013,7.4,15.6,10.6,10.6
5/28/2013,10.7,14.4,10.6,11.1
5/29/2013,10.2,14.4,8.9,10
5/30/2013,1.5,14.4,9.4,11.1
5/31/2013,3,14.4,7.8,9.4
6/1/2013,0,16.7,9.4,12.2
6/2/2013,0,17.8,12.2,12.8
6/3/2013,0,17.2,11.7,12.2
6/4/2013,0,16.1,7.8,9.4
6/5/2013,0,18.3,8.9,13.3
6/6/2013,0,17.8,8.9,11.1
6/7/2013,0,16.7,11.1,13.3
6/8/2013,0.3,17.8,10,11.1
6/9/2013,0,17.8,10,13.3
6/10/2013,0,18.3,8.3,10.6
6/11/2013,0,16.7,10.6,12.8
6/12/2013,4.8,15.6,10,11.7
6/13/2013,5.6,15.6,10.6,11.7
6/14/2013,0.3,17.2,11.1,11.7
6/15/2013,0,18.3,8.3,8.9
6/16/2013,0,23.9,8.9,15
6/17/2013,0.5,18.3,12.8,13.3
6/18/2013,10.2,21.7,11.1,12.8
6/19/2013,0.3,18.3,8.3,12.2
6/20/2013,0,17.8,12.2,13.9
6/21/2013,0.3,17.2,11.7,12.8
6/22/2013,0,18.3,8.9,10.6
6/23/2013,0.3,22.8,10.6,15.6
6/24/2013,14,20,13.3,13.9
6/25/2013,13,18.9,13.3,14.4
6/26/2013,11.4,20,13.9,14.4
6/27/2013,9.7,18.3,14.4,15
6/28/2013,3.3,18.9,15,17.2
6/29/2013,0,25.6,15.6,17.2
6/30/2013,0,23.9,13.9,20
7/1/2013,0,28.3,15.6,16.1
7/2/2013,0,20.6,14.4,15.6
7/3/2013,0,22.8,12.8,15.6
7/4/2013,0,20.6,13.9,16.1
7/5/2013,0,19.4,13.9,15
7/6/2013,0,18.9,13.3,14.4
7/7/2013,0,18.9,13.9,13.9
7/8/2013,0,18.9,11.7,12.2
7/9/2013,0,18.9,11.7,12.2
7/10/2013,0,18.3,12.2,13.3
7/11/2013,0,18.9,11.7,13.9
7/12/2013,0,18.9,10.6,12.2
7/13/2013,0,19.4,9.4,12.8
7/14/2013,0,21.7,10,12.2
7/15/2013,0,20.6,10.6,11.7
7/16/2013,0,22.2,11.7,15
7/17/2013,0,26.1,15,15.6
7/18/2013,0,17.8,13.9,14.4
7/19/2013,0,20.6,12.8,12.8
7/20/2013,0,20,12.2,12.2
7/21/2013,0,17.8,12.2,13.3
7/22/2013,0,16.1,12.2,12.8
7/23/2013,0,16.7,11.1,11.7
7/24/2013,0,17.8,10.6,11.1
7/25/2013,0,17.2,11.1,12.2
7/26/2013,0,18.9,9.4,12.2
7/27/2013,0,21.1,12.2,12.8
7/28/2013,0,17.2,12.2,13.3
7/29/2013,0,16.1,13.3,14.4
7/30/2013,0,18.9,13.3,13.3
7/31/2013,0,16.7,12.8,13.3
8/1/2013,0.3,16.1,13.3,13.9
8/2/2013,1.3,17.8,13.9,14.4
8/3/2013,0,18.3,14.4,15.6
8/4/2013,0,21.7,12.2,12.8
8/5/2013,0,18.3,11.7,11.7
8/6/2013,0,15.6,11.1,11.7
8/7/2013,0,17.2,10.6,10.6
8/8/2013,0.3,16.7,10.6,13.9
8/9/2013,0,17.8,13.3,13.3
8/10/2013,2.3,17.2,13.3,13.3
8/11/2013,0,18.3,13.3,14.4
8/12/2013,0,19.4,13.3,13.9
8/13/2013,0,20,11.1,11.1
8/14/2013,0,22.8,11.1,13.3
8/15/2013,18.8,17.8,13.3,16.7
8/16/2013,0.3,21.1,14.4,16.7
8/17/2013,0.5,22.8,15,16.1
8/18/2013,0,20.6,13.9,15.6
8/19/2013,0,21.1,12.8,15
8/20/2013,0,21.7,10.6,12.2
8/21/2013,0,23.9,10,11.1
8/22/2013,0,24.4,11.1,12.8
8/23/2013,0.3,22.2,12.8,16.1
8/24/2013,0.5,20.6,15,15.6
8/25/2013,0,20,10.6,11.7
8/26/2013,0,21.1,10.6,11.7
8/27/2013,0.3,20.6,11.7,15.6
8/28/2013,0.5,23.3,15.6,16.7
8/29/2013,5.1,21.7,16.7,17.2
8/30/2013,10.2,20,15.6,16.1
8/31/2013,0.3,21.1,11.7,12.2
9/1/2013,0,28.3,12.2,15
9/2/2013,0,22.2,15,15.6
9/3/2013,0,22.8,11.7,12.8
9/4/2013,0,22.2,12.8,13.9
9/5/2013,2.5,21.1,13.9,16.1
9/6/2013,5.1,19.4,16.1,16.7
9/7/2013,0.3,18.9,14.4,15
9/8/2013,0,23.3,12.8,13.3
9/9/2013,0,23.3,12.8,15
9/10/2013,0,20.6,13.3,13.3
9/11/2013,0,28.9,13.3,17.8
9/12/2013,0,23.3,15,15
9/13/2013,0,18.9,15,16.1
9/14/2013,0,18.3,15.6,15.6
9/15/2013,0,21.7,14.4,15
9/16/2013,2.5,16.1,15,16.1
9/17/2013,0,18.9,11.7,11.7
9/18/2013,0.3,18.9,11.7,11.7
9/19/2013,0.3,19.4,10,10.6
9/20/2013,0.3,25.6,10.6,10.6
9/21/2013,29.2,18.9,10.6,12.8
9/22/2013,4.3,18.9,12.8,13.3
9/23/2013,44.5,18.9,12.8,13.9
9/24/2013,2.5,17.2,7.8,7.8
9/25/2013,4.1,14.4,6.7,6.7
9/26/2013,0,16.7,6.7,7.2
9/27/2013,4.1,18.3,7.2,12.2
9/28/2013,26.4,16.7,12.2,15.6
9/29/2013,45.2,16.7,11.1,13.3
9/30/2013,53.3,15,10.6,12.8
10/1/2013,15.2,15.6,8.3,8.9
10/2/2013,15.2,15.6,8.3,9.4
10/3/2013,0,13.3,5,5
10/4/2013,0,16.1,4.4,5.6
10/5/2013,0,19.4,5.6,5.6
10/6/2013,0,23.3,5.6,6.7
10/7/2013,10.9,21.7,6.7,11.1
10/8/2013,6.4,15,10.6,11.1
10/9/2013,0,15,3.3,3.3
10/10/2013,0,16.1,3.3,10
10/11/2013,0,14.4,8.3,8.9
10/12/2013,1.5,13.9,8.3,8.3
10/13/2013,0,15,4.4,5
10/14/2013,0,16.7,4.4,4.4
10/15/2013,0,17.2,4.4,4.4
10/16/2013,0,18.3,4.4,5.6
10/17/2013,0,15.6,5,8.3
10/18/2013,0,18.9,5.6,5.6
10/19/2013,0.3,20,4.4,4.4
10/20/2013,0,17.2,4.4,7.8
10/21/2013,0,14.4,7.8,8.9
10/22/2013,0,17.2,8.3,8.9
10/23/2013,0,21.1,5.6,5.6
10/24/2013,0,17.8,5.6,7.8
10/25/2013,0,11.7,7.8,10.6
10/26/2013,0,14.4,8.3,10
10/27/2013,0.3,14.4,10,10.6
10/28/2013,0,17.8,3.3,3.3
10/29/2013,0,17.2,0.6,0.6
10/30/2013,0,15,0.6,3.3
10/31/2013,11.9,13.3,3.3,10.6
11/1/2013,0.5,13.3,10,10
11/2/2013,9.1,16.7,10,10
11/3/2013,3.3,12.2,7.8,8.3
11/4/2013,0,11.7,2.2,3.3
11/5/2013,10.2,8.3,3.3,8.3
11/6/2013,0,12.2,6.1,7.2
11/7/2013,36.3,12.8,7.2,8.9
11/8/2013,14,10.6,8.9,8.9
11/9/2013,0,12.2,4.4,4.4
11/10/2013,0.3,8.3,4.4,7.8
11/11/2013,0,12.2,6.1,6.7
11/12/2013,4.8,13.9,6.7,11.1
11/13/2013,0.8,15,10,10
11/14/2013,0,13.3,7.2,8.3
11/15/2013,0,11.1,3.3,7.8
11/16/2013,25.4,10,7.2,7.2
11/17/2013,4.1,10.6,6.1,8.9
11/18/2013,8.6,11.1,8.3,8.9
11/19/2013,37.6,12.2,6.7,6.7
11/20/2013,0,9.4,-2.2,-1.1
11/21/2013,0,6.7,-2.2,-2.2
11/22/2013,0,6.7,-2.2,0
11/23/2013,0,9.4,0,2.2
11/24/2013,0,11.7,0,0
11/25/2013,0,11.1,-0.6,0
11/26/2013,0,10,-0.6,0
11/27/2013,0.5,7.8,0,5
11/28/2013,0,13.9,1.1,1.1
11/29/2013,0,,,
11/30/2013,1.3,9.4,7.2,7.2
12/1/2013,17.8,11.7,7.2,10.6
12/2/2013,31,11.1,2.8,3.3
12/3/2013,3.8,6.1,-1.1,-1.1
12/4/2013,0.5,6.1,-3.9,-3.9
12/5/2013,0.3,3.3,-5.6,-5.6
12/6/2013,0.5,1.1,-5.6,-2.8
12/7/2013,0,0,-7.2,-6.7
12/8/2013,0,0.6,-8.9,-7.2
12/9/2013,0.5,0.6,-7.2,-3.9
12/10/2013,1.5,-0.6,-3.9,-0.6
12/11/2013,0.3,1.7,-0.6,0.6
12/12/2013,0,4.4,-1.1,-0.6
12/13/2013,12.2,5,-0.6,4.4
12/14/2013,0,8.9,-0.6,5
12/15/2013,2.5,8.3,5,8.3
12/16/2013,5.3,9.4,5.6,5.6
12/17/2013,0,8.9,3.3,3.3
12/18/2013,1.3,6.7,2.2,5.6
12/19/2013,0.3,7.8,-1.7,-1.1
12/20/2013,4.6,2.8,-1.1,0.6
12/21/2013,20.3,8.9,0.6,6.7
12/22/2013,6.1,8.9,6.7,8.3
12/23/2013,22.1,9.4,8.3,9.4
12/24/2013,5.1,10,1.7,1.7
12/25/2013,0.3,5.6,-3.9,1.1
12/26/2013,0,5.6,0.6,0.6
12/27/2013,0,8.3,0,0.6
12/28/2013,3.8,8.3,0.6,2.8
12/29/2013,0,5.6,1.1,1.7
12/30/2013,0,5.6,1.7,4.4
12/31/2013,5.3,8.9,3.9,6.7
1/1/2014,0.3,8.3,5,5.6
1/2/2014,0.3,7.2,5,5
1/3/2014,22.1,10,4.4,4.4
1/4/2014,0,8.9,-1.1,-1.1
1/5/2014,0,7.2,-1.1,0.6
1/6/2014,0,7.2,0.6,1.7
1/7/2014,5.1,5.6,1.7,5
1/8/2014,12.7,7.8,5,7.8
1/9/2014,20.3,9.4,5.6,7.2
1/10/2014,13.5,8.3,6.7,8.3
1/11/2014,52.3,11.1,7.8,8.9
1/12/2014,26.2,9.4,5,8.9
1/13/2014,3.8,9.4,8.9,9.4
1/14/2014,0.8,10,7.8,8.3
1/15/2014,0,11.1,2.8,3.3
1/16/2014,0,10.6,-0.6,6.1
1/17/2014,0,9.4,5,5
1/18/2014,0,8.3,2.2,2.2
1/19/2014,0,7.8,1.7,3.9
1/20/2014,0,5.6,3.9,4.4
1/21/2014,0,10.6,1.1,1.1
1/22/2014,0.5,9.4,1.1,6.7
1/23/2014,0,10,5,5
1/24/2014,0,12.8,2.8,2.8
1/25/2014,0,14.4,-0.6,-0.6
1/26/2014,0,15.6,-0.6,0.6
1/27/2014,0,13.3,0.6,1.1
1/28/2014,3.8,5.6,1.1,5
1/29/2014,26.7,9.4,3.9,8.9
1/30/2014,3.8,10,6.1,6.7
1/31/2014,8.9,8.3,4.4,5
2/1/2014,0.5,9.4,3.9,3.9
2/2/2014,0.8,8.3,0.6,1.7
2/3/2014,0,7.8,1.1,1.1
2/4/2014,0,6.7,-0.6,-0.6
2/5/2014,0,4.4,-3.9,-3.3
2/6/2014,0,0.6,-6.1,-5
2/7/2014,0,-1.7,-6.1,-6.1
2/8/2014,0,1.7,-6.1,0
2/9/2014,3.6,3.9,-0.6,0.6
2/10/2014,17.8,7.2,0.6,7.2
2/11/2014,3.8,10,5,6.1
2/12/2014,48.3,11.1,6.1,6.7
2/13/2014,6.4,10.6,6.7,8.3
2/14/2014,9.4,11.7,6.7,10
2/15/2014,5.1,10.6,3.3,5.6
2/16/2014,29.5,11.1,3.9,4.4
2/17/2014,63.8,8.9,4.4,6.1
2/18/2014,17.8,8.9,5.6,8.3
2/19/2014,22.9,10,2.8,3.9
2/20/2014,15.2,8.3,2.2,7.8
2/21/2014,4.6,8.3,3.9,3.9
2/22/2014,0,8.3,-1.1,2.8
2/23/2014,0.8,6.7,0,5.6
2/24/2014,6.1,7.8,3.3,3.9
2/25/2014,11.4,6.1,3.9,5
2/26/2014,0.3,12.2,5,5
2/27/2014,0,13.3,4.4,5
2/28/2014,0,12.2,4.4,5
3/1/2014,0,16.7,3.3,4.4
3/2/2014,3.6,9.4,4.4,6.7
3/3/2014,54.4,10.6,6.7,7.8
3/4/2014,17,12.2,7.8,9.4
3/5/2014,45.7,11.7,9.4,11.1
3/6/2014,46.7,12.8,10.6,11.1
3/7/2014,9.1,12.8,7.8,8.3
3/8/2014,1.5,15.6,6.1,6.7
3/9/2014,51.3,11.7,6.7,9.4
3/10/2014,15.2,11.7,6.7,7.8
3/11/2014,1,11.7,1.1,1.1
3/12/2014,0,15,1.1,2.2
3/13/2014,0,17.8,2.2,4.4
3/14/2014,24.4,12.8,4.4,10
3/15/2014,0.3,12.2,6.1,7.2
3/16/2014,38.4,12.2,7.2,7.8
3/17/2014,15,8.3,5.6,6.1
3/18/2014,1.5,10,5.6,6.1
3/19/2014,7.1,10,6.1,7.2
3/20/2014,7.6,10,2.2,2.2
3/21/2014,0.8,10,0,0
3/22/2014,0,12.2,-0.6,0
3/23/2014,0,12.8,0,6.7
3/24/2014,0,15,5,5.6
3/25/2014,5.1,20.6,5,10
3/26/2014,15.2,12.8,6.1,6.7
3/27/2014,7.1,10.6,6.1,6.7
3/28/2014,8.9,11.7,6.7,8.3
3/29/2014,18,12.2,8.3,8.9
3/30/2014,10.9,12.2,5.6,7.8
3/31/2014,1.5,11.7,2.8,3.9
4/1/2014,0.5,16.1,3.9,7.8
4/2/2014,0,12.2,6.1,7.8
4/3/2014,0,12.8,6.1,6.1
4/4/2014,6.4,11.1,4.4,5.6
4/5/2014,4.3,11.7,5.6,8.3
4/6/2014,13.5,11.7,7.2,7.8
4/7/2014,0.8,13.3,7.2,10
4/8/2014,0,18.9,10,10.6
4/9/2014,8.1,12.8,2.8,3.9
4/10/2014,0,13.3,1.7,2.2
4/11/2014,0,13.9,2.2,3.9
4/12/2014,0,13.9,3.9,7.8
4/13/2014,0,16.1,3.3,4.4
4/14/2014,0,22.8,4.4,5.6
4/15/2014,0,15.6,5.6,8.9
4/16/2014,13.5,12.8,8.3,9.4
4/17/2014,26.4,11.7,9.4,11.1
4/18/2014,11.2,11.7,5,6.7
4/19/2014,0,13.3,6.7,8.3
4/20/2014,10.2,,,6.7
4/21/2014,0,14.4,6.1,6.7
4/22/2014,0,13.3,5,6.7
4/23/2014,5.1,12.8,6.7,8.3
4/24/2014,46.2,11.7,7.2,8.9
4/25/2014,8.9,12.2,3.9,4.4
4/26/2014,0,12.8,2.8,6.1
4/27/2014,17.3,13.3,6.1,9.4
4/28/2014,2.5,11.7,3.9,5.6
4/29/2014,0,15,5.6,10.6
4/30/2014,0,25,10.6,13.9
5/1/2014,0,29.4,13.9,14.4
5/2/2014,0,28.9,13.3,13.3
5/3/2014,1.3,15,10.6,11.1
5/4/2014,47.5,13.3,10,11.1
5/5/2014,22.4,13.3,10,11.1
5/6/2014,4.6,15.6,8.3,10.6
5/7/2014,0,14.4,5,6.1
5/8/2014,0,14.4,6.1,9.4
5/9/2014,35.6,12.2,8.9,9.4
5/10/2014,11.2,12.8,6.1,8.3
5/11/2014,0,14.4,5,6.7
5/12/2014,0,17.2,6.7,10.6
5/13/2014,0,26.1,10.6,13.3
5/14/2014,0,28.9,12.8,14.4
5/15/2014,0,31.7,13.3,15
5/16/2014,0,27.2,13.9,14.4
5/17/2014,0,17.2,12.2,12.8
5/18/2014,0,16.1,10.6,11.7
5/19/2014,8.6,16.7,10,10.6
5/20/2014,0,18.3,9.4,12.8
5/21/2014,0,18.3,11.1,12.2
5/22/2014,0,16.7,10.6,11.7
5/23/2014,4.3,21.7,11.7,12.8
5/24/2014,2.5,16.7,11.1,13.9
5/25/2014,0,17.8,10.6,11.7
5/26/2014,6.4,16.7,10,13.9
5/27/2014,10.2,16.1,7.2,9.4
5/28/2014,0,17.2,8.3,12.8
5/29/2014,7.6,16.7,11.1,12.2
5/30/2014,0,16.7,6.1,8.9
5/31/2014,0,20.6,6.1,11.1
6/1/2014,0,16.1,11.1,13.9
6/2/2014,0,17.8,10.6,11.1
6/3/2014,0,15,11.1,12.8
6/4/2014,0,16.1,11.7,11.7
6/5/2014,0,16.7,7.8,11.7
6/6/2014,0,16.1,10.6,11.1
6/7/2014,0,18.9,11.1,12.2
6/8/2014,0,18.3,11.7,12.2
6/9/2014,0,16.1,11.1,13.9
6/10/2014,0,20,10.6,12.8
6/11/2014,0,17.2,12.8,13.3
6/12/2014,0,20.6,12.8,13.9
6/13/2014,2,16.1,12.2,12.2
6/14/2014,0,16.7,11.7,13.3
6/15/2014,0.8,16.1,11.7,12.2
6/16/2014,0,16.7,9.4,12.8
6/17/2014,0,16.7,11.7,12.8
6/18/2014,0,16.1,11.7,13.3
6/19/2014,0,17.8,13.3,16.1
6/20/2014,2.5,20.6,9.4,12.2
6/21/2014,0,17.8,7.2,9.4
6/22/2014,0,21.1,9.4,12.2
6/23/2014,0,22.2,11.7,13.9
6/24/2014,0.8,17.8,13.9,15
6/25/2014,2,18.9,13.3,14.4
6/26/2014,0,19.4,12.8,13.3
6/27/2014,8.9,17.8,13.3,15
6/28/2014,6.9,17.2,13.9,15
6/29/2014,3.8,18.3,13.9,15.6
6/30/2014,0,18.9,11.7,13.3
7/1/2014,0,23.9,13.3,17.8
7/2/2014,0,33.9,15,15.6
7/3/2014,0.3,20,13.3,14.4
7/4/2014,0,19.4,10,11.7
7/5/2014,0,18.9,11.7,15
7/6/2014,0.3,21.1,15,17.8
7/7/2014,0,22.2,15.6,16.7
7/8/2014,0,22.2,12.8,13.3
7/9/2014,0,22.2,13.3,13.9
7/10/2014,0,18.3,13.3,13.9
7/11/2014,0,20,12.8,13.9
7/12/2014,0,19.4,13.3,13.3
7/13/2014,0,17.8,11.7,12.2
7/14/2014,0,17.8,12.2,13.3
7/15/2014,0,16.7,12.2,12.2
7/16/2014,0,18.3,11.7,11.7
7/17/2014,0,17.2,11.7,15.6
7/18/2014,0,18.3,13.3,13.3
7/19/2014,0,18.3,13.3,15
7/20/2014,2,18.9,13.3,14.4
7/21/2014,0,18.3,11.7,13.3
7/22/2014,0,19.4,10,12.2
7/23/2014,1.3,22.8,12.2,15
7/24/2014,12.7,20,13.9,14.4
7/25/2014,0,18.9,11.7,12.8
7/26/2014,0,20.6,10,11.7
7/27/2014,0,22.8,11.1,12.2
7/28/2014,0,22.8,12.2,13.9
7/29/2014,0,19.4,12.8,12.8
7/30/2014,0,20,12.8,13.9
7/31/2014,0,21.7,11.7,13.3
8/1/2014,0,21.7,12.8,13.9
8/2/2014,0,23.9,12.8,13.9
8/3/2014,0,18.3,13.3,14.4
8/4/2014,0,21.1,12.8,13.3
8/5/2014,0,18.9,13.3,14.4
8/6/2014,0,20,12.2,12.8
8/7/2014,0,18.9,12.8,15
8/8/2014,0,20.6,11.1,12.2
8/9/2014,0,21.1,11.1,11.7
8/10/2014,0,23.9,11.7,12.8
8/11/2014,0,25.6,12.8,16.1
8/12/2014,0,32.2,13.3,14.4
8/13/2014,10.7,22.2,14.4,15.6
8/14/2014,8.6,17.2,15.6,16.1
8/15/2014,3,22.8,14.4,14.4
8/16/2014,0,20.6,13.9,15
8/17/2014,0,22.2,13.9,13.9
8/18/2014,0,20,13.3,13.3
8/19/2014,0,22.8,13.3,15
8/20/2014,0,18.9,14.4,15.6
8/21/2014,0,19.4,13.3,13.9
8/22/2014,0,20,13.9,13.9
8/23/2014,0,17.2,12.8,12.8
8/24/2014,0,21.7,12.8,13.9
8/25/2014,0,19.4,12.8,12.8
8/26/2014,0,25,12.2,12.8
8/27/2014,0,20,12.8,13.3
8/28/2014,0,18.3,13.3,16.1
8/29/2014,0,20,12.8,13.9
8/30/2014,20.6,21.1,13.9,15.6
8/31/2014,7.6,19.4,13.9,14.4
9/1/2014,0,20.6,14.4,14.4
9/2/2014,0,20.6,13.3,14.4
9/3/2014,3.3,18.3,12.8,13.3
9/4/2014,5.1,18.3,8.9,9.4
9/5/2014,0,25,9.4,12.2
9/6/2014,0,30.6,12.2,15
9/7/2014,0,33.3,13.3,13.3
9/8/2014,0.3,18.3,13.3,15
9/9/2014,0,18.3,11.1,11.7
9/10/2014,0,18.9,11.7,13.3
9/11/2014,0,23.9,10,13.3
9/12/2014,0,24.4,10.6,11.7
9/13/2014,0,27.8,8.9,10
9/14/2014,0,29.4,8.9,10
9/15/2014,0,31.1,10,10.6
9/16/2014,0,31.1,10.6,15.6
9/17/2014,0,19.4,13.3,13.9
9/18/2014,9.4,20,13.9,13.9
9/19/2014,0,18.9,13.9,16.7
9/20/2014,0.3,18.9,11.7,12.2
9/21/2014,0,28.3,12.2,15
9/22/2014,0,20,15,15.6
9/23/2014,16.8,19.4,14.4,15
9/24/2014,32.8,17.8,15,16.1
9/25/2014,1.5,20.6,13.3,13.3
9/26/2014,24.4,19.4,13.3,15
9/27/2014,0,20,10,10.6
9/28/2014,0,21.1,8.9,8.9
9/29/2014,0,22.2,8.9,14.4
9/30/2014,3.8,17.8,12.2,12.8
10/1/2014,0,18.9,8.3,9.4
10/2/2014,0,18.3,8.3,8.9
10/3/2014,0,21.7,8.9,9.4
10/4/2014,0,26.7,9.4,12.8
10/5/2014,0,20,11.7,11.7
10/6/2014,0,24.4,11.7,12.2
10/7/2014,0,22.2,12.2,12.8
10/8/2014,0,17.2,12.2,12.8
10/9/2014,0,21.1,11.1,12.2
10/10/2014,0,23.3,12.2,13.3
10/11/2014,1.5,18.9,13.3,15.6
10/12/2014,6.9,18.9,11.7,12.2
10/13/2014,0,17.8,11.7,11.7
10/14/2014,32,19.4,11.7,11.7
10/15/2014,5.1,17.2,11.1,12.2
10/16/2014,26.7,17.2,11.7,11.7
10/17/2014,0.3,20,11.7,12.2
10/18/2014,18.5,15.6,12.2,14.4
10/19/2014,0.5,18.9,13.9,14.4
10/20/2014,15.2,20.6,13.9,13.9
10/21/2014,22.9,18.3,12.2,12.2
10/22/2014,32.8,16.1,12.2,13.9
10/23/2014,26.4,13.9,11.1,11.1
10/24/2014,7.4,16.1,8.3,8.9
10/25/2014,17.3,12.2,8.9,10.6
10/26/2014,36.3,14.4,9.4,9.4
10/27/2014,1.3,15,6.1,6.1
10/28/2014,19.1,15,6.1,11.1
10/29/2014,17,15.6,11.1,12.2
10/30/2014,5.1,16.1,12.2,12.2
10/31/2014,20.3,15,10,10
11/1/2014,0.3,15.6,4.4,4.4
11/2/2014,0,14.4,4.4,7.8
11/3/2014,42.7,13.3,7.8,12.8
11/4/2014,39.4,14.4,12.8,13.9
11/5/2014,0.8,15,10.6,11.1
11/6/2014,12.7,13.9,10.6,13.9
11/7/2014,3.8,14.4,4.4,5
11/8/2014,0,15.6,3.3,3.3
11/9/2014,11.4,13.3,3.3,12.2
11/10/2014,0,13.9,4.4,4.4
11/11/2014,0,13.9,2.8,6.1
11/12/2014,0,8.9,1.1,1.1
11/13/2014,0,7.2,0.6,2.8
11/14/2014,0,6.1,-3.9,-3.3
11/15/2014,0,,,-3.3
11/16/2014,0,8.3,,-1.1
11/17/2014,0,10.6,-1.7,-0.6
11/18/2014,0,11.7,-1.7,-1.1
11/19/2014,0,9.4,-1.1,4.4
11/20/2014,4.8,11.7,4.4,7.8
11/21/2014,6.9,10,7.2,8.9
11/22/2014,42.4,12.8,4.4,7.2
11/23/2014,15.5,11.7,6.7,8.9
11/24/2014,0.3,12.8,3.9,4.4
11/25/2014,37.8,13.3,4.4,13.3
11/26/2014,4.6,13.9,11.7,12.2
11/27/2014,13,13.9,11.7,13.3
11/28/2014,22.4,14.4,8.9,8.9
11/29/2014,9.4,8.9,1.1,1.1
11/30/2014,0,5,-3.3,-2.8
12/1/2014,0,5,-3.3,-3.3
12/2/2014,0,5.6,-3.3,-1.7
12/3/2014,0,6.7,-1.7,2.8
12/4/2014,2.8,7.2,2.2,5
12/5/2014,16.5,8.9,5,8.9
12/6/2014,8.9,11.7,7.8,8.3
12/7/2014,0.3,12.8,7.2,7.2
12/8/2014,0,12.8,7.2,9.4
12/9/2014,45,15,8.9,14.4
12/10/2014,39.4,15.6,11.7,13.9
12/11/2014,47.5,13.9,8.3,8.9
12/12/2014,13.7,12.8,6.1,6.7
12/13/2014,0.5,11.7,2.8,2.8
12/14/2014,0,7.2,2.8,6.1
12/15/2014,1.3,10.6,4.4,6.1
12/16/2014,5.1,8.9,5.6,6.7
12/17/2014,2.8,8.3,5,5.6
12/18/2014,3,8.3,5.6,6.1
12/19/2014,31.5,10,6.1,6.7
12/20/2014,17.5,10.6,6.7,7.8
12/21/2014,38.1,13.3,7.8,11.1
12/22/2014,2.5,13.3,5.6,5.6
12/23/2014,3,10.6,5,7.2
12/24/2014,18,12.2,5.6,5.6
12/25/2014,6.6,8.3,3.3,5.6
12/26/2014,1.8,8.3,3.9,3.9
12/27/2014,6.6,9.4,3.9,8.9
12/28/2014,10.7,10,3.3,5
12/29/2014,0.5,8.9,0.6,0.6
12/30/2014,0,7.2,-1.1,-1.1
12/31/2014,0,4.4,-2.8,-2.8
1/1/2015,0,4.4,-2.8,-2.8
1/2/2015,0,6.7,-2.8,0
1/3/2015,0.3,7.2,-2.8,1.1
1/4/2015,5.8,4.4,1.1,3.9
1/5/2015,217.7,12.2,3.9,11.7
1/6/2015,2.5,12.2,9.4,9.4
1/7/2015,0.3,13.3,5.6,6.1
1/8/2015,0,10,6.1,6.1
1/9/2015,0,9.4,2.8,2.8
1/10/2015,2.8,10.6,2.8,7.2
1/11/2015,1.3,9.4,7.2,7.8
1/12/2015,0.5,9.4,6.7,6.7
1/13/2015,0,12.2,4.4,6.1
1/14/2015,0,10,3.9,3.9
1/15/2015,0,10.6,1.7,3.3
1/16/2015,14.7,10,3.3,8.3
1/17/2015,1.3,12.2,5,6.1
1/18/2015,44.7,13.3,6.1,10.6
1/19/2015,4.1,12.2,4.4,4.4
1/20/2015,0.3,11.7,2.8,3.9
1/21/2015,0,10,1.7,2.2
1/22/2015,4.3,10,2.2,6.1
1/23/2015,1.5,10,6.1,8.3
1/24/2015,30.7,12.8,8.3,11.7
1/25/2015,3.3,13.3,11.1,11.1
1/26/2015,0,16.7,6.1,6.1
1/27/2015,0.3,15.6,6.1,10
1/28/2015,0,12.2,1.7,2.8
1/29/2015,0,12.2,2.8,5
1/30/2015,0.3,13.9,1.1,1.7
1/31/2015,0,12.8,1.1,2.8
2/1/2015,0,10,2.8,5.6
2/2/2015,11.7,10,2.2,7.8
2/3/2015,9.4,11.7,7.8,7.8
2/4/2015,4.1,11.1,6.7,7.2
2/5/2015,27.9,12.2,7.2,12.2
2/6/2015,54.1,14.4,12.2,12.8
2/7/2015,35.6,14.4,10.6,11.7
2/8/2015,14.7,12.8,8.3,8.9
2/9/2015,15.5,12.8,8.9,10
2/10/2015,7.1,14.4,8.9,8.9
2/11/2015,0,11.7,6.7,7.2
2/12/2015,5.1,13.9,7.2,9.4
2/13/2015,0,15,8.3,8.3
2/14/2015,0.3,15.6,8.3,10
2/15/2015,0,14.4,4.4,5.6
2/16/2015,0,15.6,5.6,7.8
2/17/2015,0,15.6,6.7,6.7
2/18/2015,0,17.8,4.4,5
2/19/2015,1.5,12.8,5,8.9
2/20/2015,3.6,11.7,8.3,8.3
2/21/2015,0,11.1,2.8,3.3
2/22/2015,0,14.4,1.7,2.2
2/23/2015,0,13.9,0.6,0.6
2/24/2015,0,16.1,0,0.6
2/25/2015,2.8,11.7,0.6,8.3
2/26/2015,4.6,10.6,8.3,8.9
2/27/2015,13.5,12.2,7.8,8.3
2/28/2015,0.3,11.7,2.2,4.4
3/1/2015,0,15.6,-0.6,0
3/2/2015,1.8,10.6,0,4.4
3/3/2015,0,11.1,-0.6,0
3/4/2015,0,13.3,-0.6,-0.6
3/5/2015,0,14.4,-0.6,1.1
3/6/2015,0,16.7,1.1,2.8
3/7/2015,0,18.9,1.7,1.7
3/8/2015,0,17.8,1.7,2.2
3/9/2015,0,20.6,2.2,7.2
3/10/2015,0,10.6,5.6,5.6
3/11/2015,2.8,16.1,5.6,10
3/12/2015,10.7,12.2,10,11.7
3/13/2015,0,17.8,8.9,10
3/14/2015,31.8,17.8,10,12.2
3/15/2015,19.1,13.9,8.3,8.3
3/16/2015,44.2,11.7,3.9,5.6
3/17/2015,0,15.6,3.9,5.6
3/18/2015,0.3,14.4,5.6,8.3
3/19/2015,0,15,6.7,6.7
3/20/2015,0.3,,,9.4
3/21/2015,13.7,12.2,9.4,9.4
3/22/2015,4.8,13.3,5.6,6.7
3/23/2015,8.9,12.2,5.6,6.1
3/24/2015,17.3,11.7,6.1,6.7
3/25/2015,16,13.3,6.7,12.2
3/26/2015,23.1,12.8,9.4,10
3/27/2015,0,18.9,,7.8
3/28/2015,11.9,13.9,7.8,10
3/29/2015,1.3,13.9,8.3,8.9
3/30/2015,0.3,12.8,8.9,11.1
3/31/2015,6.9,16.1,6.7,7.8
4/1/2015,0.5,12.2,3.3,3.9
4/2/2015,0.3,11.1,1.1,1.7
4/3/2015,0,12.2,1.7,2.8
4/4/2015,6.4,11.7,1.7,1.7
4/5/2015,0,13.3,1.7,2.2
4/6/2015,1.3,14.4,2.2,5.6
4/7/2015,0,13.3,5.6,8.3
4/8/2015,0,14.4,4.4,5.6
4/9/2015,0.3,13.3,2.8,3.3
4/10/2015,0,17.2,2.8,5
4/11/2015,27.9,12.2,5,6.1
4/12/2015,6.9,10.6,3.9,5.6
4/13/2015,3.6,11.7,5.6,6.1
4/14/2015,14.7,9.4,3.3,5.6
4/15/2015,2.8,11.1,0.6,2.2
4/16/2015,0,13.3,2.2,3.3
4/17/2015,0,17.8,2.8,7.8
4/18/2015,0,18.3,4.4,4.4
4/19/2015,0,17.8,4.4,6.7
4/20/2015,0,18.3,6.1,6.7
4/21/2015,0,19.4,6.7,11.7
4/22/2015,0.8,13.9,6.7,7.8
4/23/2015,0,12.8,6.1,8.3
4/24/2015,7.1,11.7,6.7,7.8
4/25/2015,4.6,12.8,2.8,3.3
4/26/2015,0,11.1,3.3,5.6
4/27/2015,3.8,13.9,5.6,11.1
4/28/2015,1.3,26.1,10.6,10.6
4/29/2015,0.8,14.4,5.6,7.8
4/30/2015,0,15,5.6,7.2
5/1/2015,0,16.7,6.7,8.3
5/2/2015,0,16.1,5.6,7.2
5/3/2015,0,16.1,4.4,6.1
5/4/2015,0,17.2,6.1,10.6
5/5/2015,4.6,14.4,7.8,9.4
5/6/2015,1,13.9,4.4,6.1
5/7/2015,1.8,14.4,5.6,7.8
5/8/2015,0,15.6,6.7,7.8
5/9/2015,0,23.9,7.8,7.8
5/10/2015,0,18.9,7.8,11.1
5/11/2015,0,14.4,10.6,11.1
5/12/2015,0.3,13.3,10,10.6
5/13/2015,1.3,13.9,10.6,10.6
5/14/2015,0.8,10.6,9.4,10.6
5/15/2015,0,16.1,10.6,10.6
5/16/2015,0,12.8,10.6,11.1
5/17/2015,0,14.4,10.6,12.2
5/18/2015,0,16.7,8.9,10.6
5/19/2015,0,16.1,10.6,11.1
5/20/2015,0,12.8,10,10.6
5/21/2015,0,15.6,10,10.6
5/22/2015,0,13.9,10,11.1
5/23/2015,0.3,12.8,11.1,11.7
5/24/2015,0.3,14.4,10,10.6
5/25/2015,0,13.3,10,11.1
5/26/2015,0.3,15,10.6,11.7
5/27/2015,0,17.8,10.6,11.1
5/28/2015,0,15.6,10.6,11.1
5/29/2015,0,16.1,11.1,11.1
5/30/2015,0,15,11.1,11.7
5/31/2015,0,15,10,11.1
6/1/2015,0.3,18.3,10.6,12.8
6/2/2015,5.6,15.6,11.7,12.2
6/3/2015,0.3,15,11.7,12.2
6/4/2015,0.3,16.1,10,11.1
6/5/2015,0,19.4,9.4,11.1
6/6/2015,0,21.1,11.1,12.2
6/7/2015,0,17.8,11.1,12.8
6/8/2015,0,20,10.6,11.1
6/9/2015,0,19.4,10,12.8
6/10/2015,0,18.9,11.7,12.2
6/11/2015,0,16.1,12.2,12.8
6/12/2015,0,20,11.1,12.8
6/13/2015,0,17.8,8.3,10.6
6/14/2015,0,16.1,10,11.1
6/15/2015,0,20.6,9.4,11.1
6/16/2015,0,16.7,11.1,12.8
6/17/2015,0,16.7,10.6,12.2
6/18/2015,0,18.9,10.6,12.8
6/19/2015,0.3,16.7,12.8,14.4
6/20/2015,0,18.3,8.3,10
6/21/2015,0,22.2,10,15.6
6/22/2015,0,22.2,13.3,14.4
6/23/2015,0,18.3,9.4,13.3
6/24/2015,0,19.4,12.8,14.4
6/25/2015,0,22.8,12.2,16.1
6/26/2015,0,23.3,14.4,15
6/27/2015,0,20.6,12.8,15.6
6/28/2015,0,25.6,14.4,15
6/29/2015,0,20.6,13.9,14.4
6/30/2015,0,20,13.9,13.9
7/1/2015,0,18.3,11.7,12.8
7/2/2015,0,23.9,12.8,15
7/3/2015,0,25,13.9,13.9
7/4/2015,0,20,12.8,13.9
7/5/2015,0,22.2,13.3,14.4
7/6/2015,0,21.7,14.4,15
7/7/2015,0,21.1,15,16.1
7/8/2015,0,21.1,13.9,14.4
7/9/2015,0,19.4,14.4,15
7/10/2015,0,17.8,15,15.6
7/11/2015,0.5,19.4,15.6,15.6
7/12/2015,4.1,17.8,15.6,16.1
7/13/2015,0.3,20.6,15.6,16.1
7/14/2015,0,21.7,12.2,15
7/15/2015,0,23.3,14.4,17.2
7/16/2015,0,21.1,14.4,16.7
7/17/2015,0,21.1,11.1,13.3
7/18/2015,0,25.6,12.8,16.7
7/19/2015,0,32.8,12.8,17.8
7/20/2015,0,22.8,16.1,17.2
7/21/2015,0,19.4,15.6,16.1
7/22/2015,0,20,14.4,15.6
7/23/2015,0,20,14.4,16.1
7/24/2015,0,20,13.9,15.6
7/25/2015,2,18.9,14.4,16.1
7/26/2015,3.6,20,14.4,15
7/27/2015,0.3,20.6,12.2,15
7/28/2015,0,20,11.1,12.2
7/29/2015,0,25.6,11.7,13.9
7/30/2015,0,26.1,12.8,15.6
7/31/2015,0,30,12.2,13.9
8/1/2015,0,21.1,13.3,13.9
8/2/2015,0,21.7,13.3,13.9
8/3/2015,0,21.1,13.9,15.6
8/4/2015,0,21.1,13.3,15
8/5/2015,0,20.6,13.9,15
8/6/2015,0.3,20.6,15,15.6
8/7/2015,0,22.2,12.8,13.3
8/8/2015,0.3,21.7,13.3,16.7
8/9/2015,0,20,15,15
8/10/2015,0,25,15,16.1
8/11/2015,0,23.3,13.3,13.9
8/12/2015,0,23.9,13.9,15.6
8/13/2015,0,25,15.6,18.3
8/14/2015,0,21.7,15,16.1
8/15/2015,0.8,18.3,12.8,16.1
8/16/2015,0,22.8,11.1,11.7
8/17/2015,0,22.8,11.7,12.2
8/18/2015,0,23.3,12.2,13.9
8/19/2015,0,28.9,13.9,15.6
8/20/2015,0,27.8,15.6,16.1
8/21/2015,0,19.4,13.9,15.6
8/22/2015,0,18.9,9.4,10
8/23/2015,0,26.7,10,11.7
8/24/2015,0,20.6,11.7,14.4
8/25/2015,0,21.1,10,10.6
8/26/2015,0,23.9,10.6,11.1
8/27/2015,0,25,11.1,15.6
8/28/2015,4.3,22.2,15,15.6
8/29/2015,8.9,21.7,15.6,18.3
8/30/2015,46,18.3,13.3,14.4
8/31/2015,5.6,20,14.4,15.6
9/1/2015,14.2,18.9,15.6,16.1
9/2/2015,2.8,18.9,13.3,13.3
9/3/2015,0.3,18.3,8.3,10
9/4/2015,4.3,17.8,7.2,7.8
9/5/2015,0.3,18.3,7.8,10.6
9/6/2015,3.8,18.9,10.6,13.9
9/7/2015,6.4,18.3,11.1,12.8
9/8/2015,0.3,20,12.8,14.4
9/9/2015,0,20.6,13.9,13.9
9/10/2015,0,21.1,13.9,13.9
9/11/2015,0,21.7,12.8,12.8
9/12/2015,0,28.3,12.8,13.3
9/13/2015,0,18.9,13.3,14.4
9/14/2015,0,19.4,11.1,12.2
9/15/2015,0,16.7,8.3,10
9/16/2015,0.3,16.1,9.4,11.1
9/17/2015,22.1,18.3,11.1,12.8
9/18/2015,0,17.8,11.7,12.2
9/19/2015,0.3,19.4,12.2,15.6
9/20/2015,5.1,19.4,15.6,16.7
9/21/2015,6.1,18.3,8.3,8.9
9/22/2015,0,18.3,5.6,5.6
9/23/2015,0,17.8,5.6,7.2
9/24/2015,0,18.9,7.2,11.1
9/25/2015,2.5,20,11.1,13.3
9/26/2015,0.3,17.2,10,10.6
9/27/2015,0,18.3,5,5
9/28/2015,0,18.3,5,6.7
9/29/2015,0,23.9,6.7,7.2
9/30/2015,0,26.1,7.2,12.8
10/1/2015,0,17.8,9.4,10
10/2/2015,0,17.2,9.4,13.9
10/3/2015,0,17.2,6.7,7.8
10/4/2015,0,20.6,7.2,7.8
10/5/2015,0,25.6,7.8,8.3
10/6/2015,0,26.7,8.3,13.3
10/7/2015,7.6,16.1,13.3,13.9
10/8/2015,9.1,16.1,7.8,12.8
10/9/2015,0,18.9,12.8,14.4
10/10/2015,7.6,18.9,12.8,16.7
10/11/2015,30,16.7,8.3,8.3
10/12/2015,0,18.3,8.3,12.2
10/13/2015,0.3,16.7,8.9,8.9
10/14/2015,0,18.9,7.8,8.3
10/15/2015,0,17.8,8.3,10.6
10/16/2015,0,22.2,8.9,8.9
10/17/2015,0.5,16.7,8.3,12.8
10/18/2015,0,17.8,8.3,13.3
10/19/2015,3.6,15.6,13.3,13.3
10/20/2015,1.8,17.8,12.8,12.8
10/21/2015,0,18.9,7.8,7.8
10/22/2015,0.3,15.6,6.7,6.7
10/23/2015,0,14.4,6.7,6.7
10/24/2015,0,15.6,6.7,10.6
10/25/2015,0.3,16.7,10.6,11.7
10/26/2015,40.6,14.4,11.7,12.8
10/27/2015,0.3,15.6,6.7,7.8
10/28/2015,7.9,14.4,7.8,11.1
10/29/2015,9.7,16.7,11.1,13.9
10/30/2015,24.9,16.1,12.8,16.1
10/31/2015,48.8,16.1,13.3,16.1
11/1/2015,42.4,16.1,9.4,11.1
11/2/2015,50.8,15,8.3,8.9
11/3/2015,0,14.4,5,6.1
11/4/2015,0,12.8,3.3,3.3
11/5/2015,6.6,10.6,3.3,10
11/6/2015,2.5,14.4,7.2,8.3
11/7/2015,5.1,15,8.3,11.1
11/8/2015,21.1,13.3,7.8,7.8
11/9/2015,4.1,12.2,6.7,7.2
11/10/2015,1.5,12.8,2.8,3.3
11/11/2015,13,12.2,3.3,6.7
11/12/2015,1.3,11.7,2.8,5
11/13/2015,71.9,14.4,5,13.9
11/14/2015,44.7,13.9,7.8,7.8
11/15/2015,35.3,8.3,5,5.6
11/16/2015,2.5,7.8,1.7,3.3
11/17/2015,56.4,13.3,3.3,13.3
11/18/2015,27.4,13.9,5.6,5.6
11/19/2015,6.1,13.9,5.6,5.6
11/20/2015,0,10.6,1.1,2.8
11/21/2015,0,7.8,1.1,1.7
11/22/2015,0,10.6,0.6,1.1
11/23/2015,0,11.7,-0.6,0.6
11/24/2015,3,5.6,0.6,3.3
11/25/2015,0,7.2,-1.7,-1.7
11/26/2015,0,7.8,-2.2,-2.2
11/27/2015,0,8.9,-2.2,-1.7
11/28/2015,0,9.4,-2.2,-1.7
11/29/2015,0,7.8,-2.8,-2.8
11/30/2015,0,7.2,-2.8,-2.2
12/1/2015,1,5.6,-2.2,5.6
12/2/2015,17,10,5.6,7.2
12/3/2015,23.4,11.7,7.2,10.6
12/4/2015,20.6,12.2,6.1,6.1
12/5/2015,10.9,11.7,6.1,7.2
12/6/2015,40.9,10.6,7.2,10.6
12/7/2015,21.1,12.8,9.4,9.4
12/8/2015,45.5,13.9,8.3,13.9
12/9/2015,77.2,13.9,9.4,11.1
12/10/2015,16.8,12.8,7.2,10
12/11/2015,14.7,11.7,5,6.7
12/12/2015,17,7.2,5,6.7
12/13/2015,30.2,11.1,5,8.9
12/14/2015,3,9.4,3.9,3.9
12/15/2015,0.5,9.4,0,0.6
12/16/2015,5.3,9.4,0,2.8
12/17/2015,17.5,6.1,2.8,4.4
12/18/2015,43.4,11.1,4.4,6.7
12/19/2015,7.1,9.4,1.1,2.2
12/20/2015,32,7.8,2.2,4.4
12/21/2015,20.8,8.3,3.9,3.9
12/22/2015,13.5,6.7,1.7,1.7
12/23/2015,25.1,7.2,1.7,5
12/24/2015,14.5,7.2,2.8,2.8
12/25/2015,2,5.6,0,0
12/26/2015,0.3,3.3,0,1.1
12/27/2015,4.8,3.9,1.1,2.8
12/28/2015,7.6,3.9,2.8,2.8
12/29/2015,0,5,1.1,1.1
12/30/2015,0,5,-1.7,-0.6
12/31/2015,0,5,-1.7,-1.7
1/1/2016,0,5,-2.2,-1.7
1/2/2016,0,6.7,-2.8,-2.8
1/3/2016,0,6.7,-2.8,-2.8
1/4/2016,1,3.9,-2.8,1.7
1/5/2016,2.5,3.9,1.7,3.9
1/6/2016,4.6,6.1,3.9,3.9
1/7/2016,1,10,1.7,2.8
1/8/2016,0,6.7,2.8,3.3
1/9/2016,0.3,10,1.7,2.8
1/10/2016,0.5,8.9,2.2,3.9
1/11/2016,1.5,10.6,1.7,7.8
1/12/2016,14.5,10.6,3.9,7.8
1/13/2016,39.9,10.6,7.8,8.3
1/14/2016,2.5,10,0.6,0.6
1/15/2016,1.8,7.2,0.6,5.6
1/16/2016,27.4,10.6,0.6,10.6
1/17/2016,22.4,11.7,7.2,7.8
1/18/2016,9.9,11.7,6.7,7.2
1/19/2016,10.4,10,4.4,5
1/20/2016,15.2,6.7,3.3,6.1
1/21/2016,58.9,9.4,6.1,9.4
1/22/2016,87.1,12.8,9.4,9.4
1/23/2016,2.5,12.8,6.7,6.7
1/24/2016,4.6,10,2.8,3.9
1/25/2016,0,10,3.3,5.6
1/26/2016,6.1,12.8,5.6,8.9
1/27/2016,15.7,13.3,8.9,11.1
1/28/2016,66,12.8,9.4,10
1/29/2016,13.2,12.8,6.1,6.1
1/30/2016,15,10.6,3.3,3.3
1/31/2016,10.9,7.8,2.8,2.8
2/1/2016,2.5,7.8,0.6,1.1
2/2/2016,4.1,7.8,0.6,1.7
2/3/2016,0.8,8.9,1.1,5.6
2/4/2016,23.6,8.9,5.6,6.7
2/5/2016,2.8,9.4,6.7,6.7
2/6/2016,21.1,12.2,6.1,6.1
2/7/2016,0,12.2,5,5
2/8/2016,0,13.3,5,5.6
2/9/2016,0,16.7,5.6,6.7
2/10/2016,0,22.2,6.7,8.3
2/11/2016,3,12.8,8.3,10
2/12/2016,23.9,12.2,9.4,11.1
2/13/2016,6.1,13.9,6.7,7.2
2/14/2016,46,11.1,7.2,10
2/15/2016,17,11.1,7.2,10
2/16/2016,25.9,11.1,8.9,8.9
2/17/2016,0.3,12.8,8.9,9.4
2/18/2016,4.8,12.2,6.7,6.7
2/19/2016,21.1,11.1,6.7,7.8
2/20/2016,13.5,10,2.8,3.3
2/21/2016,0,10.6,2.8,3.9
2/22/2016,11.4,11.7,2.8,4.4
2/23/2016,0,10.6,3.3,3.9
2/24/2016,0,13.9,3.9,6.1
2/25/2016,0,13.9,6.1,6.1
2/26/2016,0,18.3,5,5
2/27/2016,10.2,11.7,5,9.4
2/28/2016,5.3,13.3,7.8,8.3
2/29/2016,10.9,10,5,5.6
3/1/2016,36.3,11.1,5.6,8.9
3/2/2016,50.8,11.7,6.7,7.8
3/3/2016,23.9,11.1,7.8,10.6
3/4/2016,8.4,14.4,5.6,7.2
3/5/2016,18.8,11.7,7.2,9.4
3/6/2016,20.1,16.7,7.2,7.8
3/7/2016,28.4,11.7,6.1,7.8
3/8/2016,7.1,10.6,3.3,3.9
3/9/2016,4.8,9.4,3.9,7.2
3/10/2016,86.9,12.8,7.2,10
3/11/2016,3,10.6,4.4,4.4
3/12/2016,21.8,10,4.4,5
3/13/2016,29.5,7.8,4.4,5.6
3/14/2016,21.6,9.4,4.4,6.1
3/15/2016,14.5,10,3.9,3.9
3/16/2016,2.5,9.4,0.6,0.6
3/17/2016,0,12.2,0.6,1.1
3/18/2016,0,14.4,1.1,7.2
3/19/2016,0,18.3,7.2,8.3
3/20/2016,0,16.7,7.8,8.9
3/21/2016,17.5,12.8,7.8,7.8
3/22/2016,11.4,12.2,6.1,6.7
3/23/2016,1.8,12.2,6.7,8.3
3/24/2016,22.6,10,6.7,8.9
3/25/2016,5.1,11.1,6.1,6.1
3/26/2016,0,12.2,5.6,6.1
3/27/2016,8.1,15,6.1,6.1
3/28/2016,2.8,11.1,1.1,1.7
3/29/2016,0,13.9,1.1,2.2
3/30/2016,0,17.8,2.2,3.9
3/31/2016,0,21.7,3.9,5.6
4/1/2016,0,18.3,5.6,8.9
4/2/2016,0,13.3,8.3,8.9
4/3/2016,0,13.3,6.1,6.1
4/4/2016,11.7,18.3,6.1,8.9
4/5/2016,4.6,18.3,6.1,7.8
4/6/2016,0.3,13.3,3.3,3.3
4/7/2016,0,21.1,3.3,13.9
4/8/2016,0,29.4,10,10.6
4/9/2016,0,16.7,9.4,9.4
4/10/2016,0,12.8,9.4,9.4
4/11/2016,0,12.2,8.9,9.4
4/12/2016,0.8,12.8,7.8,8.9
4/13/2016,14.7,11.7,5,6.7
4/14/2016,11.9,13.9,6.1,6.7
4/15/2016,0,13.3,6.7,9.4
4/16/2016,0,12.8,6.1,7.2
4/17/2016,0,18.3,7.2,11.1
4/18/2016,0,27.2,11.1,13.3
4/19/2016,0,28.9,10,11.1
4/20/2016,0,22.8,11.1,12.2
4/21/2016,0,16.1,10.6,11.1
4/22/2016,7.1,20.6,11.1,12.2
4/23/2016,0,16.7,6.7,7.8
4/24/2016,17.8,15,7.8,9.4
4/25/2016,0.5,13.9,5.6,8.3
4/26/2016,0,13.9,3.9,5.6
4/27/2016,0,13.9,5.6,5.6
4/28/2016,0,15.6,5.6,7.8
4/29/2016,0,15.6,7.2,10.6
4/30/2016,0,16.1,6.1,8.3
5/1/2016,0,17.2,6.1,7.8
5/2/2016,0,27.8,7.8,15.6
5/3/2016,1,27.2,12.8,13.3
5/4/2016,0.3,16.1,9.4,10
5/5/2016,0,15.6,8.9,9.4
5/6/2016,0,18.9,7.8,10
5/7/2016,0,22.8,8.9,10.6
5/8/2016,0,21.1,10.6,11.1
5/9/2016,0,13.9,9.4,11.7
5/10/2016,0,15.6,8.3,8.3
5/11/2016,0,22.8,8.3,10
5/12/2016,0,24.4,10,10.6
5/13/2016,0,15.6,6.7,8.3
5/14/2016,1.5,25.6,8.3,11.7
5/15/2016,0.5,13.3,11.1,11.7
5/16/2016,0,15,11.7,12.8
5/17/2016,0,16.1,6.7,8.9
5/18/2016,0,18.9,8.9,12.8
5/19/2016,0.8,15,9.4,10
5/20/2016,3.8,12.8,7.8,9.4
5/21/2016,0,17.8,9.4,12.2
5/22/2016,1,13.9,10,11.7
5/23/2016,0.5,16.1,10.6,11.7
5/24/2016,0,16.7,10.6,12.8
5/25/2016,0,16.1,11.1,12.8
5/26/2016,0,14.4,11.1,12.2
5/27/2016,0.8,14.4,8.9,10.6
5/28/2016,5.8,14.4,8.9,12.2
5/29/2016,13,13.9,11.1,12.2
5/30/2016,0,17.2,6.7,8.3
5/31/2016,0,20.6,8.3,13.9
6/1/2016,0,25,12.2,13.3
6/2/2016,5.1,16.7,12.2,12.2
6/3/2016,0.3,16.7,11.1,13.3
6/4/2016,0,26.7,13.3,19.4
6/5/2016,0,30.6,16.7,20.6
6/6/2016,0,30.6,12.8,15.6
6/7/2016,0,20,12.2,12.8
6/8/2016,0,17.2,11.7,12.8
6/9/2016,0,17.2,9.4,11.1
6/10/2016,7.4,18.3,10,12.2
6/11/2016,15.7,16.7,9.4,12.2
6/12/2016,0.3,16.7,8.3,10.6
6/13/2016,0.3,18.3,10.6,12.2
6/14/2016,12.7,15.6,8.3,10
6/15/2016,7.1,14.4,8.3,10
6/16/2016,0.3,15.6,6.1,9.4
6/17/2016,2,16.7,6.1,8.9
6/18/2016,0.3,18.3,8.9,10
6/19/2016,0,16.7,7.2,8.9
6/20/2016,0,21.7,8.9,12.8
6/21/2016,0,18.9,12.8,15
6/22/2016,0,18.3,11.1,12.8
6/23/2016,7.9,18.3,12.8,14.4
6/24/2016,9.9,17.8,11.7,13.9
6/25/2016,10.7,17.8,12.2,13.3
6/26/2016,0,20.6,10,12.8
6/27/2016,0,22.8,11.7,12.8
6/28/2016,0,17.8,12.2,12.8
6/29/2016,0,17.2,12.2,13.3
6/30/2016,0,17.8,12.8,13.3
7/1/2016,0,18.9,12.2,14.4
7/2/2016,0,19.4,14.4,15.6
7/3/2016,0.5,17.8,13.9,13.9
7/4/2016,0,20,13.3,13.9
7/5/2016,0,18.3,12.8,13.9
7/6/2016,0,17.2,11.7,13.3
7/7/2016,0,20.6,13.3,15.6
7/8/2016,4.3,17.2,13.9,15
7/9/2016,1,18.9,13.3,14.4
7/10/2016,5.6,18.9,12.2,15
7/11/2016,0.8,20,13.3,13.9
7/12/2016,0,19.4,12.8,15
7/13/2016,0,19.4,12.8,14.4
7/14/2016,0,21.1,11.1,15
7/15/2016,0,21.1,13.3,15
7/16/2016,0,19.4,14.4,15.6
7/17/2016,0,18.3,14.4,16.1
7/18/2016,0,20,14.4,16.1
7/19/2016,0.3,21.7,15,15.6
7/20/2016,0,20,13.9,15.6
7/21/2016,0,21.7,12.2,13.9
7/22/2016,0.3,21.1,13.9,17.2
7/23/2016,0,21.7,11.7,15.6
7/24/2016,0,21.7,11.7,15.6
7/25/2016,0,23.9,12.8,15.6
7/26/2016,0,20.6,14.4,15.6
7/27/2016,0,20,12.8,13.3
7/28/2016,0,19.4,12.8,13.9
7/29/2016,0,21.1,13.3,13.9
7/30/2016,0,19.4,13.3,13.9
7/31/2016,0,18.3,13.3,13.9
8/1/2016,0,17.8,12.2,12.2
8/2/2016,0,18.3,12.2,15
8/3/2016,1.3,18.3,13.3,15
8/4/2016,0,19.4,11.7,12.8
8/5/2016,0,22.2,12.2,12.8
8/6/2016,0,18.9,12.8,15
8/7/2016,0,18.9,13.3,13.9
8/8/2016,7.6,18.3,13.3,14.4
8/9/2016,0,19.4,13.9,14.4
8/10/2016,0.3,18.3,14.4,14.4
8/11/2016,0,21.7,13.3,14.4
8/12/2016,0,23.9,13.3,14.4
8/13/2016,0,29.4,14.4,15.6
8/14/2016,0,19.4,12.2,12.8
8/15/2016,0.3,17.8,12.2,13.3
8/16/2016,0,17.2,13.3,13.3
8/17/2016,0,17.2,13.3,13.9
8/18/2016,0,18.9,11.1,12.2
8/19/2016,0,31.1,12.2,16.1
8/20/2016,0,36.7,13.9,16.7
8/21/2016,0,24.4,12.8,13.3
8/22/2016,0,17.8,12.8,14.4
8/23/2016,0,17.8,11.1,11.1
8/24/2016,0,22.8,11.1,11.7
8/25/2016,0,29.4,11.7,14.4
8/26/2016,0,32.2,11.7,14.4
8/27/2016,0.3,31.7,13.9,14.4
8/28/2016,0,17.2,14.4,15
8/29/2016,0,20,10.6,12.8
8/30/2016,0.3,20,12.8,14.4
8/31/2016,10.7,20.6,14.4,15
9/1/2016,1.3,19.4,12.8,15
9/2/2016,20.3,17.2,13.3,15
9/3/2016,4.3,17.8,12.8,13.3
9/4/2016,0,18.3,11.7,11.7
9/5/2016,0,17.8,11.7,13.9
9/6/2016,22.1,18.3,12.8,12.8
9/7/2016,0,20.6,12.8,14.4
9/8/2016,0,18.3,13.9,13.9
9/9/2016,0,18.9,11.7,11.7
9/10/2016,0,25,11.1,11.1
9/11/2016,0,20.6,11.1,12.2
9/12/2016,0,19.4,7.8,8.9
9/13/2016,0,25.6,8.3,8.9
9/14/2016,0,26.1,8.3,9.4
9/15/2016,0,17.8,9.4,15
9/16/2016,0,20,11.1,12.8
9/17/2016,12.4,20,11.1,15.6
9/18/2016,11.4,18.9,12.2,12.2
9/19/2016,2.5,18.9,12.2,14.4
9/20/2016,0,18.3,10.6,10.6
9/21/2016,6.4,19.4,7.2,7.2
9/22/2016,0,20,7.2,10.6
9/23/2016,2.5,17.2,10.6,11.1
9/24/2016,8.6,17.8,9.4,10.6
9/25/2016,0,20,10,15.6
9/26/2016,0,26.1,10.6,12.8
9/27/2016,0,23.3,12.8,13.3
9/28/2016,0,20.6,8.3,8.3
9/29/2016,0,19.4,6.1,7.2
9/30/2016,0,18.9,6.7,10
10/1/2016,0.8,16.7,10,11.1
10/2/2016,18.5,15.6,10.6,10.6
10/3/2016,0,15.6,7.8,7.8
10/4/2016,3.8,15.6,7.8,11.7
10/5/2016,33,16.1,11.7,12.2
10/6/2016,12.7,15,11.1,11.7
10/7/2016,24.1,14.4,11.1,11.7
10/8/2016,7.9,16.7,11.7,12.2
10/9/2016,44.5,16.1,10.6,10.6
10/10/2016,5.3,13.3,7.2,7.8
10/11/2016,0,16.1,2.8,2.8
10/12/2016,0,17.8,2.8,4.4
10/13/2016,41.1,16.1,4.4,13.3
10/14/2016,71.1,13.9,11.1,13.3
10/15/2016,29.7,16.1,10.6,11.1
10/16/2016,49.8,13.9,11.1,11.7
10/17/2016,16.5,12.8,10,12.2
10/18/2016,15.2,15.6,8.9,8.9
10/19/2016,0,14.4,3.3,7.2
10/20/2016,53.3,15,7.2,12.2
10/21/2016,6.4,15,8.9,8.9
10/22/2016,3.8,15.6,8.3,8.3
10/23/2016,7.1,15.6,8.3,10.6
10/24/2016,2,16.7,10.6,12.2
10/25/2016,5.1,13.9,10,10.6
10/26/2016,11.4,16.7,10,10
10/27/2016,14,16.1,10,11.7
10/28/2016,7.6,13.9,10,10.6
10/29/2016,3,18.3,10.6,10.6
10/30/2016,3,15,7.2,7.8
10/31/2016,17.5,12.2,6.7,11.7
11/1/2016,11.4,13.9,10,10.6
11/2/2016,7.1,14.4,10.6,10.6
11/3/2016,12.7,15,8.9,8.9
11/4/2016,0,18.9,7.2,7.2
11/5/2016,38.4,14.4,7.2,12.2
11/6/2016,25.9,13.3,10,11.1
11/7/2016,6.9,16.1,11.1,11.7
11/8/2016,0,15.6,10,11.1
11/9/2016,11.2,18.3,11.1,13.9
11/10/2016,1.5,17.2,9.4,10
11/11/2016,0,18.3,9.4,12.2
11/12/2016,10.4,14.4,11.7,13.3
11/13/2016,1.3,14.4,8.3,8.9
11/14/2016,30,13.3,8.9,8.9
11/15/2016,10.2,15,8.9,10
11/16/2016,16.5,10,3.9,5
11/17/2016,13.2,11.1,5,6.7
11/18/2016,0,11.1,4.4,5.6
11/19/2016,5.8,8.9,5.6,7.2
11/20/2016,27.9,12.8,7.2,10
11/21/2016,16,11.1,7.8,7.8
11/22/2016,1.3,12.8,6.7,8.9
11/23/2016,32.5,8.9,6.1,6.7
11/24/2016,57.2,8.9,6.7,7.8
11/25/2016,53.8,8.9,5.6,5.6
11/26/2016,25.1,10,5,8.9
11/27/2016,12.7,8.9,2.8,3.9
11/28/2016,14.2,10,3.9,7.8
11/29/2016,4.8,10.6,3.9,5
11/30/2016,6.4,10.6,5,9.4
12/1/2016,4.6,11.1,3.3,4.4
12/2/2016,4.3,8.3,3.9,7.8
12/3/2016,14,10.6,6.1,7.2
12/4/2016,18.8,10,3.9,3.9
12/5/2016,14,10,1.1,1.1
12/6/2016,5.6,5,-0.6,0.6
12/7/2016,0,5.6,-1.7,-1.1
12/8/2016,0,3.3,-1.1,1.1
12/9/2016,10.7,3.3,-0.6,1.7
12/10/2016,10.9,5,0.6,1.7
12/11/2016,16.5,7.2,1.7,4.4
12/12/2016,29.7,6.7,3.3,4.4
12/13/2016,2.5,8.9,2.2,2.2
12/14/2016,0,5.6,0,0.6
12/15/2016,0,3.3,0.6,0.6
12/16/2016,0,5,-3.3,-3.3
12/17/2016,0,2.8,-3.9,-2.8
12/18/2016,0,2.2,-2.8,1.1
12/19/2016,32.5,10,1.1,10
12/20/2016,25.1,11.7,5,8.3
12/21/2016,0,10,-0.6,0
12/22/2016,0.3,5.6,-0.6,0.6
12/23/2016,30.5,6.7,0.6,1.1
12/24/2016,0.5,5.6,-1.1,-0.6
12/25/2016,0.3,2.2,-1.1,0
12/26/2016,0,4.4,0,0.6
12/27/2016,40.6,6.7,0,5.6
12/28/2016,10.4,7.8,0,1.1
12/29/2016,0.3,7.8,1.1,3.9
12/30/2016,15.5,8.3,0.6,0.6
12/31/2016,0,8.3,-1.1,-0.6
1/1/2017,13.5,5.6,-0.6,0.6
1/2/2017,0,3.9,-1.1,0
1/3/2017,0,3.3,-1.7,-1.7
1/4/2017,0,2.2,-2.2,0
1/5/2017,0,4.4,-4.4,-3.9
1/6/2017,0,8.3,-5.6,-5.6
1/7/2017,0,5.6,-5.6,0
1/8/2017,5.6,2.2,-0.6,1.7
1/9/2017,20.8,6.7,1.7,1.7
1/10/2017,5.1,5.6,1.7,2.8
1/11/2017,0,4.4,0.6,0.6
1/12/2017,0,4.4,-2.2,-2.2
1/13/2017,0,5.6,-3.9,-3.3
1/14/2017,0,2.8,-3.3,-2.2
1/15/2017,0,6.7,-2.2,-2.2
1/16/2017,0,8.3,-2.2,-0.6
1/17/2017,0.3,8.3,-0.6,5.6
1/18/2017,65,11.7,5,11.7
1/19/2017,44.5,11.7,7.8,8.3
1/20/2017,26.2,8.9,5,5.6
1/21/2017,2.5,7.8,3.3,3.3
1/22/2017,2.5,8.9,3.3,5
1/23/2017,0.8,8.3,2.2,2.2
1/24/2017,0,12.2,-1.1,-0.6
1/25/2017,0,4.4,-0.6,4.4
1/26/2017,0,8.3,3.9,3.9
1/27/2017,0,8.3,1.7,1.7
1/28/2017,0,10.6,1.7,2.2
1/29/2017,0,8.3,2.2,2.8
1/30/2017,0.3,8.3,2.2,5
1/31/2017,0,7.8,1.7,1.7
2/1/2017,0,8.3,-1.1,1.7
2/2/2017,0,5.6,0,2.8
2/3/2017,1.3,7.2,1.1,2.2
2/4/2017,18.3,8.3,2.2,6.1
2/5/2017,15.2,7.8,2.8,2.8
2/6/2017,16.8,2.8,0,1.1
2/7/2017,3.3,6.7,-0.6,0.6
2/8/2017,3.6,5.6,0.6,1.7
2/9/2017,62.2,11.7,0.6,11.7
2/10/2017,11.7,12.2,7.2,7.8
2/11/2017,7.1,7.8,1.1,1.1
2/12/2017,1.8,8.9,1.1,1.7
2/13/2017,0,11.7,0.6,2.2
2/14/2017,0,14.4,1.7,2.2
2/15/2017,33,12.8,2.2,11.7
2/16/2017,26.9,13.3,8.3,8.3
2/17/2017,4.6,10.6,5,5
2/18/2017,0,12.8,5,5.6
2/19/2017,6.6,8.3,4.4,5
2/20/2017,11.9,8.3,4.4,5.6
2/21/2017,0.3,7.8,5,5
2/22/2017,0.5,10,0,0
2/23/2017,0,7.8,-1.7,-1.7
2/24/2017,2,8.3,-1.7,1.1
2/25/2017,0.5,8.3,-2.2,-2.2
2/26/2017,19.1,7.2,-2.2,1.7
2/27/2017,0.8,5.6,0.6,1.7
2/28/2017,5.1,6.7,1.1,2.8
3/1/2017,5.8,9.4,2.8,6.7
3/2/2017,2,8.9,5,6.1
3/3/2017,33.5,8.9,5,8.3
3/4/2017,15,8.9,0.6,1.1
3/5/2017,10.9,6.7,1.1,1.1
3/6/2017,20.3,3.9,0,0.6
3/7/2017,12.7,6.1,0.6,1.7
3/8/2017,13.2,6.1,1.7,3.3
3/9/2017,10.7,5,2.2,2.8
3/10/2017,38.1,10.6,2.8,7.8
3/11/2017,5.8,8.9,5.6,6.1
3/12/2017,13.5,10.6,6.1,7.8
3/13/2017,16.5,13.9,5.6,9.4
3/14/2017,52.6,13.9,5.6,12.2
3/15/2017,11.2,12.2,8.9,8.9
3/16/2017,8.4,10.6,3.9,3.9
3/17/2017,2.8,11.1,2.2,2.2
3/18/2017,71.9,12.2,2.2,6.7
3/19/2017,2.3,8.9,0,0.6
3/20/2017,0,12.2,0,6.1
3/21/2017,5.3,10,6.1,7.8
3/22/2017,15,8.3,7.2,7.8
3/23/2017,4.6,9.4,5,5
3/24/2017,13.2,11.1,5,6.7
3/25/2017,17.8,11.1,5,5
3/26/2017,6.4,10,5,5.6
3/27/2017,15.2,6.7,5.6,6.7
3/28/2017,19.1,10,6.7,9.4
3/29/2017,45.2,10.6,6.7,10.6
3/30/2017,10.2,11.1,6.1,7.2
3/31/2017,0.3,12.2,2.2,3.3
4/1/2017,2.3,12.8,3.3,7.2
4/2/2017,0.3,13.3,4.4,6.1
4/3/2017,0.3,11.1,1.1,1.7
4/4/2017,0,13.9,1.7,6.7
4/5/2017,23.4,12.8,6.7,8.3
4/6/2017,9.7,10.6,7.8,8.3
4/7/2017,12.4,14.4,7.8,10.6
4/8/2017,25.1,11.1,5.6,5.6
4/9/2017,1.5,10,2.8,3.9
4/10/2017,3.8,12.8,3.9,5.6
4/11/2017,12.2,10.6,2.2,2.8
4/12/2017,19.8,14.4,2.8,8.9
4/13/2017,5.3,13.3,1.7,6.7
4/14/2017,11.7,11.7,5,6.1
4/15/2017,4.3,11.7,3.9,4.4
4/16/2017,0,13.3,4.4,7.8
4/17/2017,0,18.3,7.8,9.4
4/18/2017,22.1,13.3,9.4,10.6
4/19/2017,3.6,15.6,8.3,8.3
4/20/2017,11.7,14.4,7.8,8.3
4/21/2017,3.8,12.2,5,5.6
4/22/2017,0,19.4,4.4,11.7
4/23/2017,14.2,12.8,8.3,8.3
4/24/2017,27.9,10.6,6.7,7.2
4/25/2017,3,13.9,7.2,8.3
4/26/2017,11.7,12.2,8.3,8.9
4/27/2017,2.8,12.2,5.6,6.7
4/28/2017,0.3,12.8,5.6,7.2
4/29/2017,0,13.3,2.8,4.4
4/30/2017,13,13.3,4.4,7.8
5/1/2017,0,12.2,5.6,6.7
5/2/2017,4.6,9.4,6.7,9.4
5/3/2017,9.7,13.9,9.4,11.7
5/4/2017,0,22.2,10,11.1
5/5/2017,3,17.2,11.1,11.1
5/6/2017,3,13.3,3.9,7.2
5/7/2017,0,13.3,3.3,6.7
5/8/2017,0,16.1,6.1,7.2
5/9/2017,0,16.1,5.6,6.7
5/10/2017,0,20,6.7,10
5/11/2017,13.7,15.6,10,11.7
5/12/2017,14.7,14.4,5,7.2
5/13/2017,10.9,12.2,6.1,6.7
5/14/2017,3.3,13.3,6.7,9.4
5/15/2017,8.6,13.3,8.3,8.9
5/16/2017,29.5,10.6,6.7,8.3
5/17/2017,3.8,12.8,7.2,11.1
5/18/2017,0,12.8,6.1,7.8
5/19/2017,0,17.2,7.2,9.4
5/20/2017,0,17.8,9.4,12.2
5/21/2017,0,18.3,10,10.6
5/22/2017,0,18.9,10,12.8
5/23/2017,0,30,12.8,13.3
5/24/2017,0,16.7,9.4,11.1
5/25/2017,0,16.7,7.2,10
5/26/2017,0,15.6,7.8,10
5/27/2017,0,21.7,10,12.2
5/28/2017,0,16.1,11.1,11.7
5/29/2017,0,15.6,10.6,11.1
5/30/2017,1.5,13.9,11.1,11.7
5/31/2017,0.5,13.3,11.1,12.8
6/1/2017,3.6,18.3,12.2,12.2
6/2/2017,0.8,15.6,12.2,12.8
6/3/2017,2.3,17.8,11.7,12.2
6/4/2017,0,16.7,8.9,11.7
6/5/2017,0,15.6,6.7,8.9
6/6/2017,0,21.7,8.9,12.2
6/7/2017,0,25,10.6,12.2
6/8/2017,6.9,18.3,12.2,12.8
6/9/2017,4.8,15,10,10.6
6/10/2017,3.8,15.6,7.2,9.4
6/11/2017,0,17.2,7.2,13.9
6/12/2017,0,16.7,13.9,13.9
6/13/2017,1.3,15.6,10.6,11.7
6/14/2017,0.5,15.6,11.1,12.2
6/15/2017,4.3,17.2,11.1,11.7
6/16/2017,30.5,15.6,11.7,11.7
6/17/2017,0,16.7,9.4,11.7
6/18/2017,5.3,17.2,11.7,13.9
6/19/2017,2.3,18.3,11.7,15.6
6/20/2017,0,21.1,14.4,15
6/21/2017,0.3,18.9,9.4,12.8
6/22/2017,0,19.4,8.3,10
6/23/2017,0,22.8,10,12.8
6/24/2017,0,26.1,12.8,16.7
6/25/2017,0,35,16.1,19.4
6/26/2017,0,30.6,13.9,13.9
6/27/2017,0,17.2,13.3,13.9
6/28/2017,0,18.9,11.7,13.3
6/29/2017,0,17.2,13.3,13.9
6/30/2017,0,19.4,11.7,12.2
7/1/2017,0,17.2,11.7,12.2
7/2/2017,0,17.2,11.7,13.3
7/3/2017,0,18.9,11.7,13.3
7/4/2017,0,20.6,8.9,10
7/5/2017,0,20,8.9,10.6
7/6/2017,0,20.6,10.6,12.2
7/7/2017,0,19.4,12.2,15
7/8/2017,0,18.3,11.1,11.7
7/9/2017,0,21.1,11.7,14.4
7/10/2017,0,18.9,12.2,13.3
7/11/2017,0,18.9,11.1,13.3
7/12/2017,0,19.4,12.8,15
7/13/2017,1,18.3,11.7,14.4
7/14/2017,0,20,8.9,11.7
7/15/2017,0,21.1,11.1,14.4
7/16/2017,0,21.1,10.6,15
7/17/2017,0,20.6,9.4,11.1
7/18/2017,0,20.6,10.6,12.8
7/19/2017,0,19.4,12.8,15
7/20/2017,0.8,20,15,16.1
7/21/2017,0.8,20.6,12.8,13.3
7/22/2017,0,20.6,12.8,17.2
7/23/2017,0,21.7,14.4,15
7/24/2017,0,22.2,11.7,12.2
7/25/2017,0,21.1,8.9,13.3
7/26/2017,0,20,12.8,13.9
7/27/2017,0,20,12.2,14.4
7/28/2017,0,20,10.6,11.7
7/29/2017,0,20.6,11.7,13.9
7/30/2017,0,19.4,13.9,15.6
7/31/2017,0,23.3,11.1,12.8
8/1/2017,0,25.6,12.8,14.4
8/2/2017,0,27.8,14.4,16.7
8/3/2017,0,34.4,16.7,17.2
8/4/2017,0,33.9,15,16.7
8/5/2017,0,21.7,16.7,17.8
8/6/2017,0,21.7,13.9,13.9
8/7/2017,0,18.9,12.8,12.8
8/8/2017,0,17.2,12.8,13.3
8/9/2017,0,17.2,13.3,13.3
8/10/2017,0,17.2,13.3,13.9
8/11/2017,0,17.2,13.3,13.9
8/12/2017,0,16.1,13.3,13.3
8/13/2017,6.4,18.9,13.3,15
8/14/2017,0,21.1,10,12.2
8/15/2017,0,20,10,11.7
8/16/2017,0,22.2,11.1,12.8
8/17/2017,0,19.4,12.8,15
8/18/2017,0,20.6,12.2,14.4
8/19/2017,0,19.4,12.8,13.9
8/20/2017,0,21.7,10.6,11.7
8/21/2017,0,23.3,11.7,13.3
8/22/2017,0,23.9,12.2,12.2
8/23/2017,0,17.8,12.2,14.4
8/24/2017,0,18.9,12.8,13.9
8/25/2017,0,20.6,10,11.1
8/26/2017,0,22.8,10,10.6
8/27/2017,0,23.3,10.6,
8/28/2017,0,29.4,13.9,15
8/29/2017,0,35,11.1,12.2
8/30/2017,0.3,20.6,12.2,16.1
8/31/2017,0.5,20.6,7.2,13.9
9/1/2017,0,22.8,10.6,11.7
9/2/2017,0,25,11.7,13.9
9/3/2017,0,26.1,13.9,17.8
9/4/2017,0,30,15,15.6
9/5/2017,0,33.9,15.6,18.3
9/6/2017,0,24.4,15.6,16.1
9/7/2017,0,23.3,16.1,16.7
9/8/2017,0.3,18.9,15.6,16.1
9/9/2017,0,18.9,12.2,13.3
9/10/2017,2.5,17.2,12.2,12.8
9/11/2017,0.3,21.7,10.6,10.6
9/12/2017,0,25.6,10.6,15.6
9/13/2017,0,21.7,10.6,10.6
9/14/2017,0,17.8,10.6,10.6
9/15/2017,0,20.6,7.2,7.8
9/16/2017,0,21.1,7.8,12.2
9/17/2017,0,21.1,12.2,13.3
9/18/2017,7.6,16.1,11.1,11.1
9/19/2017,24.6,17.2,10,11.1
9/20/2017,13.2,15.6,10,10
9/21/2017,0,15,7.2,8.3
9/22/2017,0,18.3,7.8,8.3
9/23/2017,0,16.7,8.3,13.3
9/24/2017,0,18.3,8.9,9.4
9/25/2017,0.5,20.6,9.4,13.9
9/26/2017,5.3,17.2,13.9,14.4
9/27/2017,0,23.9,12.8,13.9
9/28/2017,0,28.3,12.8,15.6
9/29/2017,1.5,27.8,13.3,15.6
9/30/2017,1.8,17.8,11.7,12.2
10/1/2017,0.8,17.2,8.9,9.4
10/2/2017,0.3,16.1,6.7,6.7
10/3/2017,0,18.3,5,5.6
10/4/2017,0,21.7,5,5
10/5/2017,0,22.2,5,5
10/6/2017,0,22.8,5,8.3
10/7/2017,3,17.2,8.3,10.6
10/8/2017,0,15.6,7.8,7.8
10/9/2017,0.3,18.9,5,5
10/10/2017,0,18.3,5,9.4
10/11/2017,3.3,14.4,5.6,6.1
10/12/2017,9.9,13.9,5.6,8.3
10/13/2017,3.3,13.3,5.6,6.1
10/14/2017,0,13.9,2.2,2.2
10/15/2017,0,14.4,2.2,3.9
10/16/2017,0.3,16.7,3.9,6.1
10/17/2017,5.3,14.4,6.1,12.8
10/18/2017,11.4,15,7.2,8.3
10/19/2017,64.3,14.4,8.3,12.2
10/20/2017,24.1,12.8,8.3,8.3
10/21/2017,20.1,12.2,7.8,7.8
10/22/2017,66,15,7.8,12.2
10/23/2017,6.9,16.1,7.2,8.3
10/24/2017,0,18.9,7.2,7.2
10/25/2017,0,21.1,6.1,6.7
10/26/2017,3.8,13.3,6.1,6.7
10/27/2017,0,16.7,6.7,8.3
10/28/2017,0,20,6.1,6.1
10/29/2017,0,20,5.6,11.1
10/30/2017,0,17.2,6.1,10
10/31/2017,0,18.9,2.2,2.2
11/1/2017,0.3,15.6,2.2,10.6
11/2/2017,8.9,12.2,7.8,8.9
11/3/2017,9.1,10,4.4,4.4
11/4/2017,1.3,6.1,0,0.6
11/5/2017,12.2,5.6,0.6,2.8
11/6/2017,1,5.6,0,0.6
11/7/2017,0,8.9,0.6,2.8
11/8/2017,0,7.8,2.8,7.2
11/9/2017,18.3,7.8,5.6,6.7
11/10/2017,6.6,11.7,6.1,6.7
11/11/2017,0,12.2,4.4,5.6
11/12/2017,27.9,11.1,5.6,10
11/13/2017,50.8,11.7,9.4,9.4
11/14/2017,57.4,11.7,7.8,8.3
11/15/2017,55.9,10,7.8,7.8
11/16/2017,17.8,10,5.6,5.6
11/17/2017,11.7,9.4,3.3,3.3
11/18/2017,3,10.6,3.3,6.7
11/19/2017,0.3,12.8,5,7.2
11/20/2017,52.8,12.8,5,8.3
11/21/2017,14.2,11.1,3.3,7.2
11/22/2017,52.1,15.6,7.2,15
11/23/2017,36.8,16.1,12.2,12.8
11/24/2017,14.5,12.8,6.7,7.8
11/25/2017,5.1,10.6,5.6,6.1
11/26/2017,33.5,12.8,6.1,10.6
11/27/2017,17.5,10.6,3.3,3.3
11/28/2017,1.5,11.1,3.3,6.7
11/29/2017,15,7.8,2.2,3.3
11/30/2017,6.4,10,2.8,6.1
12/1/2017,4.1,8.9,3.9,6.7
12/2/2017,28.7,8.9,4.4,5.6
12/3/2017,13.7,6.7,0.6,1.1
12/4/2017,0.3,6.1,0.6,1.1
12/5/2017,0,3.9,-0.6,1.7
12/6/2017,0,8.3,1.7,3.9
12/7/2017,0,11.7,2.8,3.3
12/8/2017,0,13.3,0.6,0.6
12/9/2017,0,13.3,0,1.1
12/10/2017,0,7.8,0,1.7
12/11/2017,0,10,0,0
12/12/2017,0,10.6,0,1.7
12/13/2017,0,9.4,1.7,1.7
12/14/2017,0,10,1.7,2.2
12/15/2017,0,10.6,1.7,3.9
12/16/2017,1.5,10,3.3,5.6
12/17/2017,6.1,8.3,5.6,8.3
12/18/2017,20.8,10.6,7.8,7.8
12/19/2017,46.7,11.1,5.6,11.1
12/20/2017,18.3,11.1,0,0.6
12/21/2017,0,8.3,-7.2,-1.7
12/22/2017,2.5,5.6,-1.7,5.6
12/23/2017,4.6,5.6,0,0.6
12/24/2017,0,4.4,0,1.1
12/25/2017,7.6,2.8,0.6,1.1
12/26/2017,0,2.8,-1.1,-0.6
12/27/2017,0,1.7,-0.6,0.6
12/28/2017,5.8,8.9,0.6,8.9
12/29/2017,58.2,9.4,7.2,7.2
12/30/2017,39.4,11.7,5,5.6
12/31/2017,0,8.9,1.1,2.8
1/1/2018,0,7.2,0.6,1.1
1/2/2018,0,7.8,1.1,2.8
1/3/2018,0,6.1,1.7,2.8
1/4/2018,0,9.4,2.8,5
1/5/2018,16,8.3,5,8.3
1/6/2018,6.4,10.6,5,5.6
1/7/2018,1.5,8.3,4.4,5.6
1/8/2018,18.8,7.2,5.6,7.2
1/9/2018,2.8,7.8,6.7,6.7
1/10/2018,0.5,8.3,2.2,3.9
1/11/2018,29,7.2,3.9,7.2
1/12/2018,36.8,11.7,6.7,8.9
1/13/2018,11.4,10.6,-1.1,8.9
1/14/2018,0.3,12.8,7.8,8.3
1/15/2018,0,15.6,6.7,6.7
1/16/2018,0.5,13.3,6.7,9.4
1/17/2018,1.3,12.2,7.2,7.8
1/18/2018,33.5,10,,8.9
1/19/2018,25.4,9.4,5,5.6
1/20/2018,21.3,8.3,4.4,5.6
1/21/2018,24.1,9.4,5.6,6.7
1/22/2018,14.5,10,2.2,5.6
1/23/2018,6.4,10,4.4,5.6
1/24/2018,53.1,11.1,5.6,7.8
1/25/2018,16.3,8.9,3.3,3.9
1/26/2018,5.3,8.3,2.8,4.4
1/27/2018,31.8,9.4,3.9,8.3
1/28/2018,5.8,10,6.7,10
1/29/2018,1.5,12.8,10,11.7
1/30/2018,37.1,11.7,6.1,6.1
1/31/2018,4.8,9.4,3.3,3.9
2/1/2018,16.5,7.2,3.3,6.7
2/2/2018,23.9,9.4,6.7,7.2
2/3/2018,10.7,10.6,7.2,9.4
2/4/2018,20.1,11.1,8.9,10.6
2/5/2018,5.8,11.1,7.8,7.8
2/6/2018,1,9.4,5.6,6.7
2/7/2018,0.5,9.4,6.7,8.3
2/8/2018,1.8,11.1,7.2,8.9
2/9/2018,1.5,10,2.8,2.8
2/10/2018,0,8.9,-1.1,-0.6
2/11/2018,0,12.2,-1.1,1.1
2/12/2018,0,9.4,-2.2,-1.7
2/13/2018,0,10.6,-2.2,-2.2
2/14/2018,15.5,8.9,-2.2,5
2/15/2018,1.3,10.6,-2.2,0.6
2/16/2018,17,8.3,0.6,6.7
2/17/2018,26.2,9.4,6.1,8.9
2/18/2018,16.5,8.9,0.6,1.1
2/19/2018,0.5,6.1,-1.1,-1.1
2/20/2018,2.5,4.4,-1.1,-1.1
2/21/2018,2.8,1.1,-4.4,-3.3
2/22/2018,1,2.2,-3.3,-1.7
2/23/2018,0,6.1,-4.4,-3.3
2/24/2018,9.9,5,-3.3,3.9
2/25/2018,4.6,9.4,3.9,6.1
2/26/2018,5.3,8.9,-1.7,-0.6
2/27/2018,2.8,8.3,-1.1,5
2/28/2018,2,8.9,3.9,3.9
3/1/2018,22.9,7.2,1.7,1.7
3/2/2018,2.8,9.4,0.6,1.1
3/3/2018,5.1,7.8,0.6,1.7
3/4/2018,0,12.8,0,0.6
3/5/2018,6.9,12.8,0,2.8
3/6/2018,0.5,8.9,0.6,1.1
3/7/2018,0,12.2,0.6,5
3/8/2018,8.6,11.1,5,6.1
3/9/2018,20.6,10,3.3,4.4
3/10/2018,0,10,0,1.1
3/11/2018,0,15,0,5.6
3/12/2018,0.5,19.4,5,7.2
3/13/2018,0,22.2,7.2,12.2
3/14/2018,4.1,12.8,5.6,6.1
3/15/2018,0.3,11.1,2.2,2.8
3/16/2018,0.3,12.2,0,1.1
3/17/2018,0,11.7,-0.6,3.9
3/18/2018,0.3,10,3.9,5
3/19/2018,0,11.1,0.6,1.1
3/20/2018,0,12.8,0.6,0.6
3/21/2018,0,12.2,0.6,0.6
3/22/2018,9.7,14.4,0,5.6
3/23/2018,8.4,9.4,2.2,2.8
3/24/2018,6.1,8.3,1.1,1.7
3/25/2018,0,9.4,-0.6,-0.6
3/26/2018,6.4,10,-2.2,6.7
3/27/2018,20.1,9.4,6.7,8.9
3/28/2018,13,10,0,7.2
3/29/2018,0.3,10.6,2.2,3.9
3/30/2018,0.3,12.2,3.9,8.3
3/31/2018,0.3,12.2,6.1,6.1
4/1/2018,2.3,12.2,6.1,6.7
4/2/2018,8.1,8.9,3.3,4.4
4/3/2018,0.5,10,2.8,2.8
4/4/2018,5.1,10,0.6,5
4/5/2018,10.7,8.9,4.4,7.8
4/6/2018,20.1,10.6,7.8,10.6
4/7/2018,16.8,19.4,8.9,11.1
4/8/2018,53.1,12.2,7.2,8.9
4/9/2018,9.7,10.6,6.7,6.7
4/10/2018,4.3,17.2,6.7,11.1
4/11/2018,9.7,14.4,6.7,7.8
4/12/2018,11.7,9.4,4.4,5
4/13/2018,23.9,11.1,3.3,10
4/14/2018,53.3,11.1,6.1,7.8
4/15/2018,38.4,10.6,2.8,3.3
4/16/2018,25.9,10.6,2.2,6.7
4/17/2018,5.8,11.1,4.4,6.7
4/18/2018,0,11.1,3.3,5.6
4/19/2018,0,16.7,2.8,3.3
4/20/2018,0,14.4,1.7,6.1
4/21/2018,0,12.8,5.6,7.8
4/22/2018,3.8,12.2,1.7,3.3
4/23/2018,0,15.6,2.8,5
4/24/2018,0,23.3,5,11.1
4/25/2018,0,27.2,8.9,11.1
4/26/2018,0,25.6,8.9,10
4/27/2018,0,15,10,11.1
4/28/2018,4.3,11.7,8.9,9.4
4/29/2018,8.6,13.9,7.8,9.4
4/30/2018,0.8,12.8,7.8,8.9
5/1/2018,0,12.8,8.9,10
5/2/2018,0,13.3,4.4,5.6
5/3/2018,0,17.8,5.6,9.4
5/4/2018,0,13.3,8.9,9.4
5/5/2018,0,15,7.8,9.4
5/6/2018,0,20,7.8,13.3
5/7/2018,0.3,17.2,11.1,11.7
5/8/2018,0,17.2,7.8,8.9
5/9/2018,3.6,22.8,5,12.2
5/10/2018,5.6,15,10,11.1
5/11/2018,0.8,15,7.8,10.6
5/12/2018,0,15.6,9.4,9.4
5/13/2018,0,19.4,8.9,10.6
5/14/2018,0,28.9,10.6,13.3
5/15/2018,0,18.3,12.2,12.8
5/16/2018,0.8,13.9,10.6,11.1
5/17/2018,1.5,13.9,10.6,10.6
5/18/2018,0,13.3,10.6,11.7
5/19/2018,0.3,15,11.7,12.2
5/20/2018,0,16.7,11.7,11.7
5/21/2018,0,15.6,10,11.7
5/22/2018,0,17.2,7.8,9.4
5/23/2018,0,20.6,9.4,11.7
5/24/2018,0.3,16.1,11.7,12.8
5/25/2018,0,16.7,8.9,11.1
5/26/2018,0,17.2,10.6,12.8
5/27/2018,0,16.7,8.3,11.7
5/28/2018,0,16.7,10.6,12.2
5/29/2018,0,18.3,9.4,12.8
5/30/2018,0,16.7,8.3,10.6
5/31/2018,0,16.1,9.4,11.1
6/1/2018,0,15.6,10,11.7
6/2/2018,0,16.7,11.7,14.4
6/3/2018,0,18.9,11.1,11.7
6/4/2018,2.8,14.4,7.8,11.7
6/5/2018,0.3,16.1,8.3,10
6/6/2018,0,17.8,10,12.8
6/7/2018,0,18.3,12.8,13.9
6/8/2018,0.8,17.8,13.9,13.9
6/9/2018,13.5,14.4,9.4,11.1
6/10/2018,4.8,15.6,8.3,9.4
6/11/2018,1,15.6,6.1,7.8
6/12/2018,0,17.2,7.2,11.1
6/13/2018,4.6,22.2,11.1,12.2
6/14/2018,4.6,16.7,11.7,12.8
6/15/2018,0,17.8,10,12.2
6/16/2018,0.8,19.4,10,12.8
6/17/2018,0,21.1,11.7,15.6
6/18/2018,0,28.9,13.3,16.1
6/19/2018,0,23.3,14.4,15
6/20/2018,0,19.4,13.3,13.9
6/21/2018,0,18.3,13.9,13.9
6/22/2018,0,18.9,13.3,13.9
6/23/2018,0,18.3,12.8,14.4
6/24/2018,0,19.4,11.7,12.2
6/25/2018,3,23.3,12.2,12.8
6/26/2018,0.3,17.8,10,12.8
6/27/2018,0,21.1,10,12.8
6/28/2018,0,16.7,11.7,13.9
6/29/2018,0,17.2,12.2,13.9
6/30/2018,0,19.4,13.9,15
7/1/2018,3.8,17.2,12.8,13.9
7/2/2018,0,18.3,11.7,13.9
7/3/2018,0,18.3,9.4,12.2
7/4/2018,0,20,11.7,17.8
7/5/2018,0,26.1,13.9,15.6
7/6/2018,0,21.1,14.4,15.6
7/7/2018,0.3,21.1,13.9,15
7/8/2018,0,18.9,10,12.8
7/9/2018,0,23.3,12.8,16.1
7/10/2018,0,17.8,14.4,15
7/11/2018,0,22.2,12.2,13.9
7/12/2018,0,24.4,12.8,15.6
7/13/2018,0,24.4,12.8,13.9
7/14/2018,0,19.4,11.7,13.9
7/15/2018,0,23.3,12.8,16.7
7/16/2018,0,27.8,12.8,13.3
7/17/2018,0,20,13.3,14.4
7/18/2018,0,18.3,13.3,13.9
7/19/2018,0,19.4,12.8,14.4
7/20/2018,0,18.9,12.2,14.4
7/21/2018,0,18.9,11.1,13.3
7/22/2018,0,18.3,11.1,11.7
7/23/2018,0,20,11.1,11.7
7/24/2018,0,16.1,10.6,10.6
7/25/2018,0,16.7,10.6,11.1
7/26/2018,0,17.2,11.1,12.2
7/27/2018,0,16.7,11.7,12.2
7/28/2018,0,17.8,11.7,14.4
7/29/2018,0,18.9,10,13.3
7/30/2018,0,21.7,10,15
7/31/2018,0.3,19.4,15,15
8/1/2018,0,18.9,8.3,15
8/2/2018,0.8,17.8,14.4,15
8/3/2018,5.3,18.9,14.4,15
8/4/2018,0,20,10,12.2
8/5/2018,0,22.2,12.2,14.4
8/6/2018,0,20.6,14.4,15
8/7/2018,0,19.4,12.8,13.3
8/8/2018,0,21.1,12.2,12.8
8/9/2018,0,20.6,12.8,15.6
8/10/2018,0,20.6,12.8,15.6
8/11/2018,1,20,15.6,16.7
8/12/2018,1.5,20.6,15.6,16.1
8/13/2018,0,20,11.1,12.2
8/14/2018,0,26.1,12.2,15
8/15/2018,0,30.6,14.4,15
8/16/2018,0,18.9,13.9,14.4
8/17/2018,0,17.8,12.8,13.9
8/18/2018,0,18.3,12.2,13.3
8/19/2018,0,18.3,11.7,12.2
8/20/2018,0,17.2,12.2,13.3
8/21/2018,0,20,13.3,13.9
8/22/2018,0,32.2,12.8,13.9
8/23/2018,0,15.6,13.3,15.6
8/24/2018,0,18.3,13.3,13.9
8/25/2018,0,17.2,12.8,12.8
8/26/2018,0.5,16.1,12.8,13.3
8/27/2018,1.8,16.1,12.8,13.3
8/28/2018,0,22.2,10.6,10.6
8/29/2018,0,26.1,10.6,12.2
8/30/2018,0,20,10.6,10.6
8/31/2018,0,19.4,10.6,13.3
9/1/2018,0,17.8,11.7,13.9
9/2/2018,0,20,9.4,9.4
9/3/2018,0,20.6,9.4,13.3
9/4/2018,0,18.9,10.6,10.6
9/5/2018,0,21.1,9.4,10.6
9/6/2018,0,27.2,10,11.1
9/7/2018,0,16.1,11.1,15
9/8/2018,0.5,18.9,11.1,15.6
9/9/2018,0,20,13.9,15
9/10/2018,7.1,18.3,14.4,15
9/11/2018,0.5,18.9,13.3,14.4
9/12/2018,2.8,18.3,12.2,12.8
9/13/2018,9.1,18.3,11.7,11.7
9/14/2018,3.3,17.8,11.7,12.8
9/15/2018,0.5,17.2,12.2,12.2
9/16/2018,20.6,16.7,12.2,12.8
9/17/2018,0,17.2,7.2,7.8
9/18/2018,0,18.3,5.6,5.6
9/19/2018,0,18.3,5.6,8.9
9/20/2018,0.3,16.7,8.9,10
9/21/2018,0.3,17.8,10,13.9
9/22/2018,8.1,20,12.8,14.4
9/23/2018,5.6,16.7,7.2,8.3
9/24/2018,0,16.7,6.1,6.7
9/25/2018,0,18.3,6.1,8.3
9/26/2018,0,22.8,8.3,8.9
9/27/2018,0,22.8,8.9,11.7
9/28/2018,0,25,11.7,12.2
9/29/2018,0,28.3,12.2,13.9
9/30/2018,3.3,19.4,13.3,13.9
10/1/2018,10.4,17.2,13.9,15
10/2/2018,7.1,16.1,11.7,11.7
10/3/2018,0.3,16.1,3.9,4.4
10/4/2018,0,13.3,4.4,5.6
10/5/2018,1,14.4,5,6.7
10/6/2018,20.8,10,6.7,8.9
10/7/2018,4.8,15.6,8.3,9.4
10/8/2018,10.9,11.7,8.9,10.6
10/9/2018,3.3,13.9,10.6,11.7
10/10/2018,0,17.2,8.9,10
10/11/2018,0,17.2,6.1,6.1
10/12/2018,0,20,6.1,6.7
10/13/2018,0,16.7,5.6,6.1
10/14/2018,0,18.9,3.9,4.4
10/15/2018,0,20,4.4,5.6
10/16/2018,0,22.2,5.6,7.8
10/17/2018,0,24.4,6.7,6.7
10/18/2018,0,25,6.7,8.3
10/19/2018,0,13.3,5,5.6
10/20/2018,0,13.3,4.4,6.1
10/21/2018,0,15,1.1,4.4
10/22/2018,0,18.9,4.4,6.1
10/23/2018,0,15,6.1,10
10/24/2018,2,13.9,10,10
10/25/2018,5.8,15.6,10,12.2
10/26/2018,36.6,15,12.2,13.9
10/27/2018,5.3,15,6.7,7.2
10/28/2018,40.1,13.9,7.2,11.7
10/29/2018,20.3,14.4,7.2,8.3
10/30/2018,11.7,14.4,8.3,8.9
10/31/2018,14.5,13.9,8.3,12.2
11/1/2018,18.5,14.4,12.2,13.9
11/2/2018,14.2,15,12.2,12.2
11/3/2018,0.5,15.6,11.7,11.7
11/4/2018,43.2,13.9,11.7,12.2
11/5/2018,3,15.6,8.9,10.6
11/6/2018,4.8,13.9,5,6.1
11/7/2018,2.5,13.3,2.8,3.3
11/8/2018,0.5,12.2,1.1,3.9
11/9/2018,0,11.1,0.6,1.1
11/10/2018,0,8.3,1.1,3.3
11/11/2018,0,11.1,2.2,5
11/12/2018,0,12.2,5,5.6
11/13/2018,0,14.4,2.2,2.2
11/14/2018,1.5,11.1,2.2,10.6
11/15/2018,0.5,13.9,7.8,8.3
11/16/2018,2,12.8,7.8,11.7
11/17/2018,0,13.9,3.3,4.4
11/18/2018,0,12.8,2.2,2.2
11/19/2018,0,13.3,1.7,1.7
11/20/2018,0,13.3,0.6,1.7
11/21/2018,3.8,12.8,1.7,6.7
11/22/2018,16,9.4,6.7,7.8
11/23/2018,29,9.4,7.2,8.3
11/24/2018,2.8,10.6,1.7,2.8
11/25/2018,0,6.7,2.8,3.3
11/26/2018,6.6,8.3,2.8,8.3
11/27/2018,78.7,13.3,8.3,12.2
11/28/2018,8.1,13.9,8.9,8.9
11/29/2018,6.9,11.1,6.7,6.7
11/30/2018,3,10,3.9,5
12/1/2018,21.1,8.9,3.9,4.4
12/2/2018,0,7.2,2.2,2.8
12/3/2018,0,7.2,2.2,3.3
12/4/2018,0,7.8,1.7,1.7
12/5/2018,0,8.3,-0.6,-0.6
12/6/2018,0,7.8,-1.7,-1.1
12/7/2018,0,6.7,-1.1,1.7
12/8/2018,0,5.6,1.1,5
12/9/2018,5.3,8.9,5,6.1
12/10/2018,14.5,8.3,4.4,5.6
12/11/2018,14.7,11.7,5.6,9.4
12/12/2018,51.3,12.2,3.9,4.4
12/13/2018,49.5,10,4.4,9.4
12/14/2018,8.9,10,6.1,6.7
12/15/2018,8.9,13.9,3.9,4.4
12/16/2018,17.3,8.9,3.9,8.9
12/17/2018,15.2,10.6,8.3,8.3
12/18/2018,46.7,11.1,7.8,8.9
12/19/2018,2.3,11.7,6.7,7.2
12/20/2018,14.2,12.8,7.2,12.8
12/21/2018,4.1,12.8,2.2,2.8
12/22/2018,4.8,9.4,1.1,5
12/23/2018,18.5,8.9,5,7.8
12/24/2018,2,11.1,5,5.6
12/25/2018,0,8.3,1.7,2.8
12/26/2018,3.6,8.9,2.8,3.9
12/27/2018,11.2,7.2,0,0
12/28/2018,4.6,4.4,0,4.4
12/29/2018,60.2,10.6,4.4,10.6
12/30/2018,30,11.1,5.6,6.1
12/31/2018,0.5,8.9,-0.6,-0.6
1/1/2019,0,6.7,-0.6,-0.6
1/2/2019,0.3,5.6,-0.6,0
1/3/2019,19.8,10.6,0,10.6
1/4/2019,30.2,10.6,8.3,8.3
1/5/2019,0,11.1,5.6,5.6
1/6/2019,17.8,7.2,3.9,4.4
1/7/2019,20.8,5,1.7,2.8
1/8/2019,5.8,8.3,2.2,3.3
1/9/2019,11.9,6.7,3.3,6.7
1/10/2019,23.1,11.1,6.7,9.4
1/11/2019,1.3,10.6,7.2,7.2
1/12/2019,0,12.2,4.4,4.4
1/13/2019,0,14.4,0.6,0.6
1/14/2019,0,12.8,-0.6,0
1/15/2019,0,11.7,0,1.1
1/16/2019,0.3,8.9,0.6,3.3
1/17/2019,8.6,10,3.3,7.2
1/18/2019,20.8,10.6,7.2,7.8
1/19/2019,45.7,11.1,6.7,8.3
1/20/2019,4.6,11.1,3.3,3.3
1/21/2019,0,6.7,1.1,1.7
1/22/2019,4.1,7.2,1.7,5.6
1/23/2019,46.2,11.1,5.6,8.9
1/24/2019,0.8,10.6,5.6,5.6
1/25/2019,0,8.9,4.4,4.4
1/26/2019,0,11.1,0.6,0.6
1/27/2019,0,10,0.6,3.9
1/28/2019,0,6.7,3.9,5
1/29/2019,0,11.7,1.7,1.7
1/30/2019,0,13.3,0,0
1/31/2019,0,12.8,0,1.7
2/1/2019,6.6,11.7,1.7,6.7
2/2/2019,13,10,6.1,6.1
2/3/2019,0,8.3,3.3,3.9
2/4/2019,0.3,8.3,-0.6,-0.6
2/5/2019,0.3,1.7,-2.2,-1.7
2/6/2019,0,4.4,-3.9,-3.9
2/7/2019,0,5.6,-3.9,-3.9
2/8/2019,0,4.4,-3.9,-1.1
2/9/2019,9.9,5.6,-1.1,-1.1
2/10/2019,0,2.8,-5,-4.4
2/11/2019,7.9,4.4,-5,0.6
2/12/2019,41.7,2.8,0,2.2
2/13/2019,8.9,7.2,0.6,1.1
2/14/2019,1.3,6.7,0.6,2.2
2/15/2019,14.7,4.4,2.2,3.9
2/16/2019,1.8,8.3,3.3,3.3
2/17/2019,1,6.1,-0.6,-0.6
2/18/2019,0.3,8.9,-1.1,0
2/19/2019,2.5,7.8,0,3.9
2/20/2019,16,6.7,0,0
2/21/2019,0,8.9,-1.7,-1.7
2/22/2019,1.3,9.4,-1.7,2.8
2/23/2019,12.7,7.8,-0.6,1.1
2/24/2019,7.4,6.7,1.1,2.2
2/25/2019,0,6.7,-2.2,-0.6
2/26/2019,0,8.3,-1.1,-0.6
2/27/2019,0,6.7,-0.6,2.2
2/28/2019,2,5,-1.7,-1.1
3/1/2019,0,7.8,-1.1,0.6
3/2/2019,0,12.8,0.6,1.7
3/3/2019,0,12.8,1.1,1.7
3/4/2019,0,12.8,-1.7,-1.1
3/5/2019,0,8.3,-3.3,-2.8
3/6/2019,0,10.6,-3.3,-1.1
3/7/2019,10.2,7.2,-1.1,1.1
3/8/2019,7.6,6.7,0,0.6
3/9/2019,0.3,6.7,-1.7,-1.1
3/10/2019,0,9.4,-2.8,-2.2
3/11/2019,0,11.7,-2.2,-1.7
3/12/2019,14,8.9,-1.7,3.9
3/13/2019,3.6,10,1.7,2.2
3/14/2019,0,11.1,1.7,1.7
3/15/2019,0.3,11.1,1.7,2.2
3/16/2019,0,16.7,1.7,4.4
3/17/2019,0,17.2,2.2,3.3
3/18/2019,0,21.1,3.3,6.1
3/19/2019,0,23.3,6.1,10.6
3/20/2019,0,26.1,8.9,8.9
3/21/2019,0,26.7,7.8,10
3/22/2019,0,12.8,3.9,3.9
3/23/2019,2,12.8,3.9,5.6
3/24/2019,0,12.8,3.9,4.4
3/25/2019,0,16.1,4.4,7.8
3/26/2019,9.7,12.2,5,5.6
3/27/2019,0,13.9,5,7.8
3/28/2019,4.1,15.6,3.9,3.9
3/29/2019,0,17.8,3.3,3.9
3/30/2019,0,15,3.3,5
3/31/2019,0,15,3.9,3.9
4/1/2019,0,20.6,3.9,6.1
4/2/2019,0,20,6.1,11.1
4/3/2019,3.6,16.1,10.6,10.6
4/4/2019,0.5,11.7,5,6.1
4/5/2019,1.3,17.2,6.1,9.4
4/6/2019,20.8,17.2,6.1,7.2
4/7/2019,10.4,12.8,5.6,5.6
4/8/2019,1.3,14.4,5.6,8.9
4/9/2019,3.3,13.9,8.3,8.9
4/10/2019,1.3,11.7,7.2,8.3
4/11/2019,22.1,10.6,7.8,8.9
4/12/2019,5.1,10.6,7.8,8.3
4/13/2019,2,13.3,7.8,8.3
4/14/2019,11.9,11.7,5.6,6.1
4/15/2019,6.6,10,3.3,3.9
4/16/2019,2.5,13.3,3.9,6.1
4/17/2019,6.4,12.8,6.1,10
4/18/2019,1.3,12.2,9.4,10.6
4/19/2019,7.1,15,10,10.6
4/20/2019,0,12.8,6.7,7.8
4/21/2019,0,13.9,7.8,9.4
4/22/2019,0,12.2,6.1,6.7
4/23/2019,11.9,10.6,6.7,10
4/24/2019,0.5,12.8,3.9,5
4/25/2019,0,15.6,4.4,5
4/26/2019,0,17.8,5,9.4
4/27/2019,0,13.3,6.1,7.8
4/28/2019,0,13.3,1.7,2.8
4/29/2019,0,17.2,2.2,7.2
4/30/2019,0,18.9,2.2,5
5/1/2019,0,18.9,5,10.6
5/2/2019,0,12.8,8.3,9.4
5/3/2019,0,12.8,5.6,7.8
5/4/2019,0,14.4,5,6.1
5/5/2019,0,14.4,6.1,10
5/6/2019,0,15,8.3,8.3
5/7/2019,0,22.2,8.3,11.1
5/8/2019,0,16.1,10.6,10.6
5/9/2019,0,17.8,8.9,12.2
5/10/2019,0,30,10.6,12.8
5/11/2019,0,29.4,11.1,11.1
5/12/2019,0,13.3,10,11.1
5/13/2019,0,14.4,10,11.1
5/14/2019,0.3,15,10.6,11.1
5/15/2019,4.8,16.7,7.8,9.4
5/16/2019,8.6,18.9,9.4,11.7
5/17/2019,4.1,14.4,10.6,10.6
5/18/2019,0.5,16.1,10,11.1
5/19/2019,4.3,21.1,11.1,11.7
5/20/2019,3.8,15,11.1,12.2
5/21/2019,5.3,17.2,10,10.6
5/22/2019,0.3,18.3,10.6,12.8
5/23/2019,0,16.7,11.1,11.7
5/24/2019,0,13.9,11.7,11.7
5/25/2019,0.5,13.9,10.6,11.7
5/26/2019,1.5,13.9,6.7,9.4
5/27/2019,0,21.7,9.4,12.8
5/28/2019,0,21.7,9.4,12.2
5/29/2019,0,16.7,10.6,11.1
5/30/2019,0,14.4,10.6,11.1
5/31/2019,0,15,11.1,11.7
6/1/2019,0,16.7,10.6,12.2
6/2/2019,0,17.2,10.6,11.1
6/3/2019,0,15.6,11.1,13.3
6/4/2019,0,17.2,8.9,10.6
6/5/2019,0,16.7,8.9,11.7
6/6/2019,3.3,15,8.3,10.6
6/7/2019,2.3,16.1,10,11.7
6/8/2019,14.5,14.4,9.4,11.7
6/9/2019,0,17.2,6.7,8.3
6/10/2019,0,21.7,8.3,13.3
6/11/2019,0,23.3,11.7,15.6
6/12/2019,0,28.9,15.6,21.1
6/13/2019,0,32.8,13.3,13.3
6/14/2019,0,17.2,11.7,12.8
6/15/2019,0,15,11.7,11.7
6/16/2019,0,16.1,11.1,13.9
6/17/2019,0,17.2,11.1,12.8
6/18/2019,0,17.8,12.8,14.4
6/19/2019,0,18.3,11.1,13.3
6/20/2019,0.8,17.2,10.6,12.2
6/21/2019,0,16.1,11.7,13.3
6/22/2019,0,16.7,12.2,12.8
6/23/2019,0,16.1,11.7,13.3
6/24/2019,0,16.1,8.9,12.2
6/25/2019,0,18.3,8.9,11.1
6/26/2019,0,18.3,11.1,13.9
6/27/2019,2.3,19.4,12.8,13.9
6/28/2019,0.3,17.2,11.7,12.8
6/29/2019,0,19.4,11.7,12.2
6/30/2019,0,21.7,11.7,13.9
7/1/2019,0,21.7,11.7,13.9
7/2/2019,0,17.8,13.3,14.4
7/3/2019,0.3,17.2,13.3,13.9
7/4/2019,0,18.3,13.3,15
7/5/2019,0.5,19.4,13.3,13.9
7/6/2019,0,17.8,12.8,13.9
7/7/2019,1.8,19.4,13.9,15
7/8/2019,1.3,18.3,13.3,15
7/9/2019,0,20.6,13.9,13.9
7/10/2019,11.2,20.6,13.9,16.7
7/11/2019,6.1,18.3,16.1,16.1
7/12/2019,0,20.6,15,15.6
7/13/2019,0,22.8,13.9,17.8
7/14/2019,0,20.6,14.4,16.7
7/15/2019,1.3,22.8,15.6,16.7
7/16/2019,0.3,21.1,15,15.6
7/17/2019,0.3,21.1,15.6,16.1
7/18/2019,12.2,18.3,13.3,15
7/19/2019,0,20,12.2,14.4
7/20/2019,0,21.1,10.6,11.7
7/21/2019,0,23.3,7.8,13.3
7/22/2019,0,22.8,13.3,16.1
7/23/2019,0,21.7,15,15.6
7/24/2019,0,21.1,12.8,14.4
7/25/2019,0,22.8,11.7,13.3
7/26/2019,0,25,13.3,15.6
7/27/2019,1.3,21.1,15,17.2
7/28/2019,0,22.2,11.1,12.8
7/29/2019,0,23.3,12.8,14.4
7/30/2019,0,20,13.9,15.6
7/31/2019,0,20.6,13.3,15
8/1/2019,0,22.2,13.3,17.2
8/2/2019,5.8,23.9,16.7,16.7
8/3/2019,0,22.2,12.8,13.3
8/4/2019,0,22.2,11.7,12.2
8/5/2019,0,25,12.2,13.9
8/6/2019,0,18.9,13.9,14.4
8/7/2019,0,18.3,14.4,15.6
8/8/2019,0.3,18.9,15,15.6
8/9/2019,0,19.4,12.2,13.9
8/10/2019,2,21.1,12.8,14.4
8/11/2019,0,21.7,14.4,17.2
8/12/2019,0.3,21.7,14.4,16.7
8/13/2019,0,24.4,15,16.7
8/14/2019,0,27.2,16.1,16.7
8/15/2019,0,22.2,15.6,16.7
8/16/2019,0,21.1,15.6,16.7
8/17/2019,0,19.4,15.6,16.1
8/18/2019,0,19.4,15,15.6
8/19/2019,0,19.4,15.6,16.7
8/20/2019,0,21.7,11.7,12.2
8/21/2019,16.3,22.2,12.2,15
8/22/2019,6.4,18.9,12.2,13.3
8/23/2019,0,20.6,11.1,12.8
8/24/2019,0,22.8,12.8,16.1
8/25/2019,1,21.7,13.9,15
8/26/2019,0,20,10.6,11.7
8/27/2019,0,25.6,8.9,13.9
8/28/2019,0,33.3,13.3,15.6
8/29/2019,0,30,15,16.7
8/30/2019,1,21.1,16.7,17.2
8/31/2019,0.3,22.2,15.6,15.6
9/1/2019,0,21.7,15.6,17.2
9/2/2019,0,21.1,15.6,16.1
9/3/2019,0,25,14.4,15.6
9/4/2019,0,20,14.4,16.7
9/5/2019,0,21.1,11.7,12.8
9/6/2019,0,27.2,12.8,16.7
9/7/2019,0,18.3,15.6,16.1
9/8/2019,1,19.4,15.6,16.1
9/9/2019,5.3,18.9,15.6,15.6
9/10/2019,2,20,13.9,13.9
9/11/2019,0,20,12.8,13.9
9/12/2019,0,21.1,12.2,12.8
9/13/2019,18.5,22.8,12.8,16.7
9/14/2019,1,20,15,16.1
9/15/2019,20.6,18.9,14.4,15
9/16/2019,11.2,19.4,11.7,12.2
9/17/2019,9.4,18.9,12.2,13.3
9/18/2019,10.2,18.3,12.2,12.8
9/19/2019,0.3,19.4,11.1,11.7
9/20/2019,0.3,17.8,11.7,13.9
9/21/2019,0,19.4,11.7,12.2
9/22/2019,4.8,18.9,12.2,14.4
9/23/2019,6.4,18.3,10.6,12.2
9/24/2019,4.8,16.7,12.2,15.6
9/25/2019,0,19.4,9.4,10
9/26/2019,6.9,19.4,10,15.6
9/27/2019,0,17.2,8.9,10.6
9/28/2019,6.4,15.6,5,5.6
9/29/2019,0,16.1,4.4,7.8
9/30/2019,0,13.3,2.8,3.9
10/1/2019,0,16.7,2.8,2.8
10/2/2019,0,15.6,2.2,4.4
10/3/2019,3.8,15.6,2.8,10
10/4/2019,4.8,13.9,8.9,10
10/5/2019,2.3,15.6,9.4,10
10/6/2019,0,17.2,7.2,7.2
10/7/2019,0,19.4,7.2,10.6
10/8/2019,10.4,15.6,8.3,9.4
10/9/2019,1.3,12.8,1.7,1.7
10/10/2019,0,13.3,0.6,0.6
10/11/2019,0,15.6,0.6,5
10/12/2019,0,18.3,4.4,5.6
10/13/2019,0,16.1,5.6,8.9
10/14/2019,0,14.4,0,4.4
10/15/2019,0.3,16.7,4.4,7.2
10/16/2019,14.7,13.3,7.2,10.6
10/17/2019,22.9,12.8,10,12.2
10/18/2019,7.6,15,7.8,8.9
10/19/2019,32,13.3,8.9,8.9
10/20/2019,9.9,12.8,6.1,7.2
10/21/2019,4.6,13.3,6.1,12.2
10/22/2019,35.6,15.6,12.2,12.2
10/23/2019,0,15,8.3,8.9
10/24/2019,0,17.2,7.2,7.2
10/25/2019,0.3,19.4,7.2,12.2
10/26/2019,0,19.4,3.3,3.9
10/27/2019,0,18.9,-0.6,-0.6
10/28/2019,0,13.3,-0.6,0
10/29/2019,0,12.2,-0.6,2.2
10/30/2019,0,10,-0.6,0
10/31/2019,0,12.8,-0.6,-0.6
11/1/2019,0,12.8,-0.6,0.6
11/2/2019,0,15.6,-0.6,3.3
11/3/2019,1,16.7,2.8,5.6
11/4/2019,0.3,15.6,2.2,2.2
11/5/2019,0,16.1,2.2,3.3
11/6/2019,0,12.8,2.2,3.9
11/7/2019,0,13.9,2.8,2.8
11/8/2019,0,15,2.2,2.2
11/9/2019,7.4,11.1,2.2,9.4
11/10/2019,7.4,11.1,8.9,10
11/11/2019,0,12.2,8.3,10
11/12/2019,7.4,15,8.3,8.9
11/13/2019,4.1,11.7,8.9,9.4
11/14/2019,0.3,12.2,7.8,7.8
11/15/2019,9.4,13.3,7.8,12.2
11/16/2019,1.8,13.3,8.9,8.9
11/17/2019,23.9,12.2,8.3,12.2
11/18/2019,4.8,13.3,7.8,8.3
11/19/2019,15.5,11.7,8.3,9.4
11/20/2019,0,12.8,1.7,1.7
11/21/2019,0.3,12.2,0,0
11/22/2019,0,9.4,-1.1,-0.6
11/23/2019,0,8.3,-1.1,-0.6
11/24/2019,6.4,7.2,-1.1,7.2
11/25/2019,3.8,12.2,3.3,5
11/26/2019,0.3,10,1.1,1.1
11/27/2019,0,5.6,0.6,1.1
11/28/2019,0,8.3,-2.2,1.1
11/29/2019,0,6.7,-3.3,-2.8
11/30/2019,1.3,7.2,-3.3,1.1
12/1/2019,1.3,7.2,-2.8,1.1
12/2/2019,0.8,5,1.1,2.2
12/3/2019,0,7.2,1.1,4.4
12/4/2019,1.5,8.3,4.4,6.7
12/5/2019,0.5,10,6.7,7.2
12/6/2019,0,10.6,7.2,7.2
12/7/2019,20.6,10,7.2,8.3
12/8/2019,1,10.6,7.8,7.8
12/9/2019,0,9.4,6.1,6.7
12/10/2019,0.3,9.4,3.9,5.6
12/11/2019,6.1,6.7,5.6,6.7
12/12/2019,23.1,11.1,6.7,9.4
12/13/2019,8.4,9.4,6.7,6.7
12/14/2019,7.1,8.3,4.4,5
12/15/2019,1.3,7.2,1.7,2.2
12/16/2019,3.3,6.7,1.1,4.4
12/17/2019,0.5,6.7,2.8,2.8
12/18/2019,0,6.1,2.8,3.9
12/19/2019,10.7,6.7,2.2,6.1
12/20/2019,70.9,11.7,6.1,8.3
12/21/2019,54.4,10.6,6.7,6.7
12/22/2019,0.8,7.8,4.4,4.4
12/23/2019,0,7.8,1.1,1.1
12/24/2019,0.3,5,0.6,1.1
12/25/2019,7.1,4.4,1.1,3.9
12/26/2019,0,6.7,-0.6,1.1
12/27/2019,3.3,4.4,1.1,2.8
12/28/2019,0.8,6.7,2.8,3.9
12/29/2019,3.8,6.1,3.3,6.1
12/30/2019,1.3,8.3,5.6,5.6
12/31/2019,11.4,8.9,5.6,8.9
1/1/2020,51.6,11.7,8.9,8.9
1/2/2020,3.6,10.6,5,5
1/3/2020,20.3,12.2,5,11.7
1/4/2020,24.6,13.9,5.6,5.6
1/5/2020,5.6,10,5,6.7
1/6/2020,42.2,10.6,5,10
1/7/2020,75.9,11.1,9.4,10
1/8/2020,15.5,10,5,5
1/9/2020,2,7.8,-0.6,1.7
1/10/2020,9.4,4.4,1.7,4.4
1/11/2020,46.5,10,4.4,5.6
1/12/2020,17,7.8,4.4,6.1
1/13/2020,10.2,6.1,0.6,0.6
1/14/2020,5.6,3.3,0,0.6
1/15/2020,0.3,2.2,0,0.6
1/16/2020,7.6,6.1,0.6,0.6
1/17/2020,2.5,6.7,-1.1,-0.6
1/18/2020,16.3,6.1,-0.6,5.6
1/19/2020,18.8,7.8,5.6,7.8
1/20/2020,1.3,11.7,7.2,7.8
1/21/2020,7.1,8.9,6.7,7.8
1/22/2020,24.9,8.9,6.7,6.7
1/23/2020,81.3,11.1,6.7,11.1
1/24/2020,31.2,11.7,9.4,10
1/25/2020,14.5,11.7,8.3,8.3
1/26/2020,14.7,10.6,8.3,8.9
1/27/2020,8.1,11.7,6.1,7.8
1/28/2020,47.2,10.6,7.8,7.8
1/29/2020,17.8,11.7,6.7,7.8
1/30/2020,20.6,10.6,4.4,4.4
1/31/2020,45.7,11.1,4.4,10.6
2/1/2020,53.6,12.2,7.2,7.2
2/2/2020,4.8,7.8,0.6,1.1
2/3/2020,4.1,5.6,-0.6,-0.6
2/4/2020,0,6.7,-1.1,0
2/5/2020,47,9.4,0,8.9
2/6/2020,27.9,9.4,8.9,8.9
2/7/2020,44.5,10,8.9,8.9
2/8/2020,16.5,9.4,6.1,6.1
2/9/2020,0.5,10,0.6,1.1
2/10/2020,0.3,11.1,-0.6,1.7
2/11/2020,0,10,1.7,3.3
2/12/2020,1,8.9,3.3,5
2/13/2020,0.3,9.4,3.3,4.4
2/14/2020,7.6,8.9,4.4,4.4
2/15/2020,9.1,8.3,4.4,7.8
2/16/2020,8.9,8.3,1.7,3.3
2/17/2020,7.9,7.8,0,1.7
2/18/2020,1.5,8.9,-1.1,-0.6
2/19/2020,0,9.4,-0.6,1.1
2/20/2020,0,12.8,0,1.1
2/21/2020,0,15,-1.1,-0.6
2/22/2020,1,8.9,-0.6,7.2
2/23/2020,15.7,10,3.3,7.2
2/24/2020,2,8.9,5,5.6
2/25/2020,0,10,0,0.6
2/26/2020,0,11.7,0.6,6.1
2/27/2020,0,11.7,3.9,4.4
2/28/2020,0.3,8.9,3.9,5
2/29/2020,11.4,8.3,5,5.6
3/1/2020,1.5,9.4,-1.1,-1.1
3/2/2020,2.5,8.3,-1.1,7.2
3/3/2020,15.2,8.9,7.2,7.2
3/4/2020,7.1,8.9,4.4,5
3/5/2020,0,11.7,2.8,3.3
3/6/2020,13.2,10,2.8,3.9
3/7/2020,3,8.3,1.1,2.8
3/8/2020,4.1,7.2,-1.1,-0.6
3/9/2020,0,10.6,-1.1,0
3/10/2020,0,12.2,0,0
3/11/2020,4.6,9.4,-0.6,5.6
3/12/2020,0,11.1,-0.6,0
3/13/2020,0.3,10.6,-1.1,1.7
3/14/2020,0,6.1,0,3.3
3/15/2020,0,8.3,0,0.6
3/16/2020,0,10.6,-0.6,0.6
3/17/2020,0,16.7,-1.1,-0.6
3/18/2020,0,12.2,-1.1,0.6
3/19/2020,0,11.1,-1.1,0
3/20/2020,0,11.7,-0.6,1.1
3/21/2020,0,13.3,1.1,3.3
3/22/2020,0,12.2,1.7,4.4
3/23/2020,5.3,7.8,4.4,6.1
3/24/2020,15.5,9.4,3.3,3.3
3/25/2020,1.3,8.3,0.6,1.7
3/26/2020,1,10,1.1,2.8
3/27/2020,3,10,1.1,5.6
3/28/2020,4.6,10,5.6,7.8
3/29/2020,29.5,10.6,6.7,7.8
3/30/2020,16.5,11.1,5.6,6.1
3/31/2020,10.2,10,2.8,3.3
4/12/2020,0,15.6,1.7,2.2
4/13/2020,0,17.2,-0.6,1.7
4/14/2020,0,17.8,1.7,8.9
4/15/2020,2.5,12.8,6.1,10
4/16/2020,0,18.9,5,5.6
4/17/2020,0,21.7,3.9,4.4
4/18/2020,0.5,15,3.3,8.9
4/19/2020,0,13.3,7.8,8.9
4/20/2020,0.5,13.9,5,5.6
4/21/2020,0.3,14.4,5.6,8.9
4/22/2020,2.5,12.8,8.3,8.3
4/23/2020,13.2,11.7,8.3,10
4/24/2020,0,12.8,8.3,8.9
4/25/2020,13,13.3,8.9,11.1
4/26/2020,3,14.4,6.1,7.8
4/27/2020,11.9,17.8,7.8,11.1
4/28/2020,0.3,14.4,7.2,7.8
4/29/2020,0,15.6,7.8,12.2
5/1/2020,,,,6.1
5/2/2020,3.6,16.1,6.1,10.6
5/3/2020,15.5,13.3,6.7,7.8
5/4/2020,0,13.9,4.4,5.6
5/5/2020,1.5,17.2,5.6,8.3
5/6/2020,8.9,20,8.3,11.1
5/7/2020,0,13.9,5,6.7
5/8/2020,0,22.2,6.7,14.4
5/9/2020,0,27.8,13.9,17.2
5/10/2020,0,30.6,11.7,14.4
5/11/2020,0,28.9,12.8,13.3
5/12/2020,0.5,15.6,10.6,11.7
